Date,Open,High,Low,Close,Volume
02-01-15,68.5,68.68,68,68.65,9754
05-01-15,68.53,69.06,68.53,68.65,25070
06-01-15,68.15,68.15,67.45,67.78,33475
07-01-15,68.49,68.49,67.24,67.69,20309
08-01-15,68,68.49,67.8,67.91,9775
09-01-15,68.92,69.29,68.56,69.29,25120
12-01-15,68.61,68.82,68.47,68.54,14917
13-01-15,68.2,68.35,67.89,68.21,17766
14-01-15,68.21,68.28,67.6,67.63,45559
15-01-15,67.63,67.63,67.04,67.37,26237
16-01-15,67.25,67.4,66.57,66.79,22328
19-01-15,67.94,67.94,67.03,67.14,28223
20-01-15,67.2,67.23,66.77,67.07,29859
21-01-15,67.5,68.05,67.5,68.05,18581
22-01-15,68.74,68.74,68.29,68.31,23389
23-01-15,6.91E+01,69.5,69.05,69.5,22342
27-01-15,69.78,70,69.48,70,48720
28-01-15,69.7,70.18,69.7,70.12,19880
29-01-15,69.95,70.37,69.78,70.31,18163
30-01-15,7.09E+01,70.91,70.6,70.67,51595
02-02-15,70.87,71.18,70.68,71.09,53632
03-02-15,71.46,72.15,71.08,72.07,66229
04-02-15,72.77,73.32,72.41,72.84,116123
05-02-15,73.11,73.44,72.71,73.34,92809
06-02-15,73.34,73.86,73.3,73.5,48210
09-02-15,73.41,73.41,72.91,73.19,61072
10-02-15,73.7,73.7,72.98,73.14,23954
11-02-15,73.86,73.86,72.7,72.86,45576
12-02-15,7.34E+01,73.45,72.5,72.6,24107
13-02-15,72.9,74.41,72.9,74.24,57150
16-02-15,74.1,74.55,73.79,74.4,32629
17-02-15,74.76,74.76,73.97,74.75,29594
18-02-15,74.93,74.93,74.23,74.93,18990
19-02-15,74.99,75.35,74.6,74.83,18808
20-02-15,74.8,74.83,74.2,74.2,22207
23-02-15,74.83,74.95,74.31,74.85,34538
24-02-15,75,75.2,74.64,75.13,35705
25-02-15,75.4,75.68,75.23,75.55,17286
26-02-15,75.71,75.74,75.02,75.06,40440
27-02-15,75.3,75.55,74.79,75.55,80443
02-03-15,75.62,76.18,75.62,75.85,55184
03-03-15,76.2,76.32,75.15,75.63,36434
04-03-15,76.26,76.26,75.15,75.37,30011
05-03-15,75.36,75.44,74.82,75.07,13922
06-03-15,75.43,75.51,74.9,75.47,30691
09-03-15,74.83,74.83,74.08,74.21,45508
10-03-15,74.32,74.61,74.14,74.16,28649
11-03-15,73.84,74.14,73.42,73.89,49679
12-03-15,74.21,75.01,73.89,75.01,31922
13-03-15,75,75,74.1,74.19,49733
16-03-15,74.22,74.23,73.66,74.16,46958
17-03-15,74.87,74.89,74.56,74.62,21124
18-03-15,74.71,74.71,73.96,74.6,34090
19-03-15,74.89,76.11,74.89,75.94,27071
20-03-15,76.11,76.5,75.8,76.5,64329
23-03-15,76.5,76.84,76.11,76.2,38910
24-03-15,76.21,76.53,76.18,76.33,26876
25-03-15,76.25,76.61,76.23,76.27,25078
26-03-15,76,76.02,75.25,75.32,57342
27-03-15,75.39,75.89,75.32,75.66,13030
30-03-15,75.43,75.43,74.55,74.83,46473
31-03-15,75.3,75.88,75.3,75.42,62952
01-04-15,75.75,7.58E+01,74.07,74.32,28963
02-04-15,74.67,74.9,74.45,74.9,17256
07-04-15,75.13,75.85,74.85,74.97,46362
08-04-15,75.39,7.56E+01,75.26,75.51,45059
09-04-15,75.8,75.83,75.19,75.25,23315
10-04-15,75.66,75.66,75.1,75.58,23015
13-04-15,76,76.09,75.6,75.6,24985
14-04-15,75.6,75.6,75.25,75.35,19145
15-04-15,75.6,75.88,74.69,74.91,45359
16-04-15,75.94,75.94,75.2,75.32,27830
17-04-15,75.4,75.43,74.42,74.5,24526
20-04-15,74.36,74.38,73.66,74.01,32076
21-04-15,74.3,74.9,74.2,74.39,20993
22-04-15,74.66,74.66,73.75,74.31,27072
23-04-15,74.4,74.41,73.94,73.95,561402
24-04-15,74.5,75.26,74.5,75.08,23409
27-04-15,75.87,75.88,75.6,75.74,17543
28-04-15,75.9,76,75.3,75.3,33476
29-04-15,75.45,75.45,74,74,21812
30-04-15,73.72,74,72.91,73.4,54296
01-05-15,73.7,73.86,73.24,73.79,22304
04-05-15,73.96,74.16,73.42,73.85,40880
06-05-15,73.25,73.3,72.27,72.33,78735
07-05-15,71.54,71.95,71.28,71.82,68142
08-05-15,72,72.41,71.68,72.19,45697
11-05-15,72.5,72.92,71.5,71.5,39413
12-05-15,72.95,72.95,71.6,72.06,29812
13-05-15,72.06,72.81,72.06,72.74,20110
14-05-15,72.79,72.82,72.18,72.34,65205
15-05-15,73,73.31,72.8,73.02,26886
18-05-15,73.68,73.68,72.3,72.31,49128
19-05-15,72.78,72.78,71.72,71.75,50614
20-05-15,71.75,71.85,71.18,71.59,60284
21-05-15,71.85,72.33,71.76,72.2,26233
22-05-15,72.79,72.79,72.22,72.26,20302
25-05-15,72.55,73.21,72.45,72.95,25097
26-05-15,73.28,73.98,73.18,73.98,28888
27-05-15,73.51,73.59,72.95,73.05,74106
28-05-15,73.22,73.43,72.69,73.02,25164
29-05-15,73.46,74.04,73.23,73.7,49320
01-06-15,73.54,73.6,72.5,73.18,30468
02-06-15,73.62,73.7,72.02,72.13,42632
03-06-15,72.13,72.13,71.22,71.31,64309
04-06-15,71.54,71.57,70.4,70.41,84899
05-06-15,70.53,70.71,69.91,70.46,33453
09-06-15,70.49,70.6,69.8,70.01,49614
10-06-15,70.01,70.27,69.7,7.00E+01,43586
11-06-15,70.51,70.99,70.51,70.91,18477
12-06-15,71.22,71.22,70.7,70.82,21064
15-06-15,70.63,70.74,70.15,70.74,26816
16-06-15,70.92,71.2,70.61,70.82,28113
17-06-15,71.2,71.6,71.16,71.52,26981
18-06-15,71.37,71.55,70.3,70.87,33195
19-06-15,71.43,71.76,71.22,71.6,22626
22-06-15,71.65,71.66,71.12,71.6,29284
23-06-15,72,72.63,72,72.63,31178
24-06-15,72.8,72.86,72.53,72.68,32413
25-06-15,72.64,72.64,72,72,22844
26-06-15,72.13,72.13,70.81,70.95,74622
29-06-15,70.35,70.35,69.3,69.4,86246
30-06-15,69.27,70.95,69.05,69.99,73612
01-07-15,69.8,70.3,69.48,70.04,68092
02-07-15,70.75,71.24,70.25,71.03,52150
03-07-15,71.19,71.19,69.74,70.22,36534
06-07-15,69.4,69.63,69,69.63,66376
07-07-15,69.96,70.8,69.77,70.79,23974
08-07-15,70.36,70.56,69.35,69.5,73862
09-07-15,69.14,69.67,68.35,69.6,71739
10-07-15,70.01,70.33,69.68,69.78,34088
13-07-15,70,70.23,69.36,69.68,224795
14-07-15,70.79,70.93,70.5,70.78,23379
15-07-15,71.09,71.5,71.05,71.45,52282
16-07-15,72.39,72.5,71.63,72,44165
17-07-15,72.51,72.51,71.64,71.94,29519
20-07-15,72,72.13,71.65,72.08,30732
21-07-15,72.11,72.66,72.08,72.46,31566
22-07-15,72.16,72.21,71.23,71.3,56550
23-07-15,71.36,71.45,70.87,71.07,23531
24-07-15,70.81,71.12,70.36,70.75,42179
27-07-15,70.5,70.81,70.25,70.75,46504
28-07-15,70.55,71.1,70.2,70.72,52124
29-07-15,71.45,71.77,71.25,71.37,30067
30-07-15,71.41,71.96,71.41,71.96,39040
31-07-15,72,72.26,72,72.1,36925
03-08-15,72.49,72.49,71.89,71.95,45618
04-08-15,72.01,72.6,71.85,72.27,64205
05-08-15,72.5,72.5,71.5,71.75,40989
06-08-15,71.9,71.9,70.71,71.06,38960
07-08-15,70.78,70.78,69.55,69.58,98324
10-08-15,69.58,69.93,69.24,69.82,349696
11-08-15,70.11,70.51,69.32,69.52,50206
12-08-15,69.95,7.00E+01,68.25,68.51,67471
13-08-15,69.35,69.35,68.55,68.55,48572
14-08-15,68.79,68.79,68,68.41,33892
17-08-15,68.63,68.87,68.33,68.46,34747
18-08-15,68.79,68.79,67.6,67.7,61596
19-08-15,68.24,68.75,67.8,68.75,50380
20-08-15,67.93,68.18,67.39,67.51,52177
21-08-15,67.03,67.06,66.11,66.55,112438
24-08-15,65.3,65.47,63.84,64.08,193013
25-08-15,62.1,65.9,62.1,65.5,244992
26-08-15,64.67,66.27,64.02,66.14,99268
27-08-15,67.35,68.79,66.95,67.07,95309
28-08-15,68.2,68.2,66.95,67.4,66947
31-08-15,67.26,67.26,66.1,66.57,59232
01-09-15,66.37,66.73,65.26,65.32,70443
02-09-15,65.06,65.43,64.34,65.18,84394
03-09-15,66,66.52,64.57,64.59,136184
04-09-15,64.8,65.01,64.1,64.62,48742
07-09-15,65,65.12,63.97,64.47,46293
08-09-15,65,65.85,64.96,65.85,67703
09-09-15,66.29,67.49,66.29,67.49,75179
10-09-15,66.16,66.26,65.53,65.87,43093
11-09-15,65.96,65.97,65.15,65.46,36126
14-09-15,66,66.4,65.38,65.8,42939
15-09-15,66,66.07,64.67,64.91,37126
16-09-15,65.59,65.73,65.22,65.73,39429
17-09-15,6.68E+01,66.92,66.27,66.32,36296
18-09-15,66.5,66.96,65.68,66.71,33197
21-09-15,65.77,65.77,64.8,65.22,92208
22-09-15,65.73,66.08,65.37,65.95,34356
23-09-15,65.2,65.2,64.36,64.57,61841
24-09-15,64.85,65.53,64.85,65.53,40343
25-09-15,65.6,65.95,65.1,65.18,31374
28-09-15,65.28,65.88,64.9,65.85,58175
29-09-15,64.82,64.82,63.52,63.58,112195
30-09-15,63.89,64.7,63.81,64.55,116635
01-10-15,64.69,65.1,64.14,65.1,33728
02-10-15,64.77,65.06,64.18,6.42E+01,42785
05-10-15,65,65.6,65,65.6,88149
06-10-15,66.28,6.64E+01,65.6,65.6,47832
07-10-15,65.61,66,65.29,65.96,22534
08-10-15,66.39,66.75,66.11,66.23,26066
09-10-15,66.76,67.41,66.65,67,23150
12-10-15,67.07,67.15,66.37,66.44,38808
13-10-15,66.58,66.58,65.8,66.07,55896
14-10-15,66.16,66.24,65.7,66.16,40953
15-10-15,66.35,66.55,66.01,66.4,39986
16-10-15,67.19,67.4,66.89,67.37,35945
19-10-15,67.32,67.35,66.75,67.06,23670
20-10-15,66.9,67.01,66.55,66.79,44822
21-10-15,66.56,66.92,66.13,66.84,23621
22-10-15,66.76,66.97,66.4,66.97,33250
23-10-15,67.75,68.38,67.75,67.95,54663
26-10-15,68.63,68.73,68,68.25,44195
27-10-15,68.35,68.35,67.97,67.97,32424
28-10-15,67.98,68.16,67.6,68,27217
29-10-15,68.29,68.29,66.95,67.24,43778
30-10-15,66.89,66.96,66.37,66.8,90429
02-11-15,66.87,66.96,65.74,65.75,38108
03-11-15,65.92,66.81,65.92,66.5,16817
04-11-15,66.88,67.62,66.69,66.7,29922
05-11-15,67,67,65.93,66.24,62198
06-11-15,66.34,66.65,65.9,66.6,28645
09-11-15,66.25,66.7,65.21,65.5,57083
10-11-15,65.65,65.65,64.6,65.06,90127
11-11-15,65.52,65.76,65.37,65.5,35982
12-11-15,65.42,65.98,65.06,65.6,32888
13-11-15,64.83,64.99,64.26,64.96,60624
16-11-15,63.99,64.51,63.9,64.2,70931
17-11-15,64.96,65.3,64.6,65.3,56260
18-11-15,65.34,65.87,65.2,65.84,39630
19-11-15,66.18,67.15,66.18,67.15,46480
20-11-15,67.25,67.5,66.97,67.12,37229
23-11-15,67.35,67.73,67.12,67.59,37410
24-11-15,67.48,67.48,67.03,67.03,30661
25-11-15,67.24,67.24,66.58,66.69,36166
26-11-15,66.7,67.38,66.69,66.87,19627
27-11-15,67.2,67.5,66.6,66.65,43316
30-11-15,66.83,66.83,66.14,66.2,32534
01-12-15,66.2,67.57,66.04,67.31,35592
02-12-15,67.58,67.58,67.06,67.43,41974
03-12-15,67.01,67.15,66.68,67,31919
04-12-15,66.2,66.22,65.62,66,57121
07-12-15,66.9,67.05,66.07,66.25,24297
08-12-15,65.78,65.99,65.3,65.52,44468
09-12-15,65.43,65.65,65.06,65.2,31584
10-12-15,65.05,65.13,64,64.58,122521
11-12-15,64.64,64.95,64.3,64.3,35804
14-12-15,63.76,63.87,63.22,63.28,155407
15-12-15,63.41,63.77,63,63.16,105649
16-12-15,63.79,64.42,63.6,64.25,102778
17-12-15,65,65.73,65,65.42,55490
18-12-15,64.96,65.5,64.43,65.31,52827
21-12-15,65.11,65.7,65,65.48,34971
22-12-15,65.89,66.41,65.43,65.56,30691
23-12-15,65.63,66.27,65.63,66.04,32671
24-12-15,66.51,66.78,66.42,66.78,17760
29-12-15,66.7,67.54,66.67,67.47,41045
30-12-15,68.14,68.44,67.98,68.23,25856
31-12-15,68.22,68.3,68,68.12,13538
04-01-16,68.12,68.12,66.57,66.62,26996
05-01-16,66.01,66.5,65.58,65.58,33822
06-01-16,66.15,66.15,64.58,64.98,38818
07-01-16,64.94,64.94,63.35,63.66,54131
08-01-16,62.95,63.68,62.52,63.43,118902
11-01-16,62.6,62.6,61.81,6.26E+01,174485
12-01-16,62.69,63.14,62.15,62.15,144959
13-01-16,62.77,63.22,62.46,63.1,91377
14-01-16,62.2,62.36,61.69,62.21,76183
15-01-16,63,63.31,61.75,61.87,52967
18-01-16,61.37,62.11,60.87,61.7,66370
19-01-16,61.89,62.19,61.36,62.19,81984
20-01-16,61.99,62.36,61.24,61.53,54957
21-01-16,62.39,62.5,61.54,61.59,72605
22-01-16,61.97,62.44,61.88,62.25,39124
25-01-16,62.76,63.35,62.76,63.35,28093
27-01-16,63.51,63.52,62.46,62.6,41886
28-01-16,62.67,63.18,62.11,63.06,45298
29-01-16,63.37,63.5,62.63,63.5,42439
01-02-16,63.72,64.2,63.68,64.1,33213
02-02-16,63.75,64.09,63.04,63.11,63181
03-02-16,62.98,62.98,61.84,61.97,80353
04-02-16,62.65,63.19,62.2,63.03,42534
05-02-16,63.3,63.3,62.4,62.89,84635
08-02-16,62.92,63.09,62.5,62.94,69499
09-02-16,62.77,62.77,61.12,61.25,118334
10-02-16,61.57,61.57,59.65,60.54,148478
11-02-16,60.75,61.1,60.51,61.04,62351
12-02-16,60.79,60.87,60.34,60.4,40065
15-02-16,61.56,61.75,60.68,61.15,40372
16-02-16,61.59,62.27,61.2,62.27,35575
17-02-16,62.31,62.59,61.9,62.21,44230
18-02-16,63,63.5,62.82,63.36,36506
19-02-16,63.01,63.4,62.69,62.88,23341
22-02-16,63.14,63.81,62.88,63.81,26593
23-02-16,64,64.09,63.2,63.2,33563
24-02-16,63.2,63.2,61.93,61.98,42374
25-02-16,62.34,62.73,61.8,62.3,31259
26-02-16,62.57,62.57,61.7,62.17,35454
29-02-16,62.16,62.92,62.16,62.44,24307
01-03-16,62.43,62.95,62.3,62.91,18643
02-03-16,63.64,64.52,63.64,64.16,44105
03-03-16,64.4,65,64.4,64.84,37332
04-03-16,65.01,65.39,65.01,65.26,28554
07-03-16,65.5,65.97,65.5,65.81,85577
08-03-16,66,66.36,65.28,65.4,93961
09-03-16,65.46,66,65.1,65.83,137226
10-03-16,65.95,66.4,65.95,66.08,23813
11-03-16,66,66.42,65.59,66.3,347949
14-03-16,66.33,66.81,66.33,66.43,30778
15-03-16,66.44,66.44,65.47,65.55,38605
16-03-16,65.5,65.68,65.25,65.52,43977
17-03-16,66.07,66.58,66,66.27,141211
18-03-16,66.78,66.86,66.31,66.41,44846
21-03-16,66.7,66.7,66,66.18,62463
22-03-16,66.2,66.63,66.03,66.23,27994
23-03-16,66.52,66.52,65.68,65.92,80267
24-03-16,65.69,65.69,65.06,65.16,74509
29-03-16,65.59,65.64,64.09,64.45,45766
30-03-16,64.96,64.98,64.01,64.16,63315
31-03-16,65,65.39,64.95,65.13,49738
01-04-16,64.13,64.14,62.46,63.4,33425
04-04-16,63.91,63.91,63.35,63.35,36009
05-04-16,63.4,63.41,62.17,62.26,137321
06-04-16,62.57,62.82,62.17,62.53,87006
07-04-16,63,63.18,62.75,62.9,20814
08-04-16,62.49,62.81,62.01,62.81,32603
11-04-16,62.8,63,62.24,62.44,52226
12-04-16,62.65,63.09,62.44,63.09,42024
13-04-16,63.8,63.99,63.58,63.99,21244
14-04-16,64.4,64.84,64.3,64.76,83996
15-04-16,65.08,65.26,64.75,65.24,46337
18-04-16,65.2,65.3,64.59,65.01,52489
19-04-16,65.56,66.05,65.56,65.66,96977
20-04-16,65.9,66.42,65.79,65.99,86462
21-04-16,66.71,66.83,66.45,66.64,80449
22-04-16,66.57,66.7,66.1,66.31,49946
26-04-16,66.32,66.42,65.98,66.01,63520
27-04-16,66.6,66.83,65.57,65.57,40165
28-04-16,6.59E+01,66.42,65.85,66.15,41982
29-04-16,66.14,66.53,65.96,66.53,201349
02-05-16,66.38,66.66,65.67,66.66,45034
03-05-16,66.28,67.8,66.1,67.65,141239
04-05-16,67.56,67.56,66.74,67,110849
05-05-16,66.92,67.01,66.48,66.75,279171
06-05-16,66.36,66.97,65.84,66.94,180133
09-05-16,67,67.51,66.78,67.5,187856
10-05-16,67.5,67.82,67.11,67.8,110957
11-05-16,68.26,68.82,68.08,68.21,56475
12-05-16,68.15,68.19,67.87,68.05,28172
13-05-16,68.11,68.26,67.55,67.69,23375
16-05-16,67.67,68.29,67.67,68.06,35735
17-05-16,68.5,68.79,68.47,68.74,72925
18-05-16,68.42,68.71,68.12,68.2,153368
19-05-16,68.6,68.6,67.56,67.78,30268
20-05-16,67.91,68.37,67.85,68.2,50644
23-05-16,68.34,68.38,67.57,67.8,26403
24-05-16,67.75,68.14,67.52,67.52,52761
25-05-16,68.25,68.78,68.25,68.5,48568
26-05-16,68.5,68.82,68.24,68.65,53384
27-05-16,68.9,69.19,68.81,68.96,38189
30-05-16,69,69.14,68.69,68.89,34800
31-05-16,68.91,68.91,68.36,68.53,41445
01-06-16,68.12,68.35,67.59,67.9,38917
02-06-16,68.02,68.02,67.21,67.23,91666
03-06-16,67.81,67.88,67.47,67.85,36161
06-06-16,67.85,6.85E+01,67.8,68.29,22654
07-06-16,68.9,68.9,68.33,68.37,18647
08-06-16,68.2,68.54,67.99,6.85E+01,24248
09-06-16,68.59,68.72,68.08,68.5,31947
10-06-16,6.79E+01,67.98,67.54,67.73,50647
14-06-16,67.23,67.23,66.28,66.5,41337
15-06-16,66.1,66.28,65.71,65.75,41105
16-06-16,67,67,65.6,65.67,52408
17-06-16,65.95,66.06,65.67,65.93,96503
20-06-16,66.65,67.03,66.5,67.03,31417
21-06-16,67.28,67.5,66.98,67.28,37185
22-06-16,67.39,67.58,67.13,67.24,38148
23-06-16,67.49,67.6,67.2,67.6,1116921
24-06-16,67.6,67.9,64.79,65.2,209028
27-06-16,65.26,65.75,64.7,65.5,84079
28-06-16,64.66,65.24,64.37,65.14,77834
29-06-16,66.23,66.23,65.43,65.7,37737
30-06-16,66.63,67.11,66.4,66.84,63420
01-07-16,67.16,67.25,66.68,67.04,33649
04-07-16,67,67.29,66.47,67.29,42154
05-07-16,67.43,67.43,66.58,66.67,55742
06-07-16,66.34,66.43,65.68,66.29,60766
07-07-16,66.79,66.84,66.48,66.71,29535
08-07-16,66.55,66.83,66.55,66.74,30260
11-07-16,67.54,68.07,67.54,68,38372
12-07-16,68.46,68.76,68.29,6.83E+01,46259
13-07-16,68.69,68.76,68.41,68.74,35231
14-07-16,68.89,69.02,68.79,69,22802
15-07-16,69.1,69.5,6.91E+01,69.22,24066
18-07-16,69.25,69.65,69.25,69.62,38132
19-07-16,69.62,69.67,69.29,69.4,27761
20-07-16,69.44,69.95,69.44,69.93,57158
21-07-16,70.39,7.06E+01,70.16,70.26,319168
22-07-16,70.19,70.26,69.83,70.04,563144
25-07-16,70.34,70.73,70.34,70.62,80672
26-07-16,70.32,70.53,70.1,70.53,28963
27-07-16,70.84,71,70.51,70.6,32991
28-07-16,70.73,70.94,70.67,70.77,30344
29-07-16,70.9,71.03,70.6,70.9,56875
01-08-16,71.09,71.58,70.99,71.26,36278
02-08-16,71.14,71.28,70.65,70.68,87499
03-08-16,70.67,70.67,69.74,6.97E+01,43312
04-08-16,70.49,70.49,69.85,70,59472
05-08-16,70.21,70.3,70.05,70.19,27498
08-08-16,70.64,70.81,70.57,70.62,51481
09-08-16,70.61,70.83,70.6,70.82,47044
10-08-16,70.65,70.77,70.3,70.59,36577
11-08-16,70.41,70.41,69.94,70.26,20479
12-08-16,70.77,70.93,70.35,70.63,27717
15-08-16,70.48,70.88,70.39,70.82,25748
16-08-16,70.9,70.9,70.62,70.74,16594
17-08-16,70.55,70.94,70.52,70.88,45824
18-08-16,71.09,71.12,70.44,70.48,37087
19-08-16,70.82,70.86,70.5,70.72,32481
22-08-16,70.78,70.97,70.56,70.6,31645
23-08-16,70.78,71.42,70.78,71.11,50202
24-08-16,71.5,71.5,71.29,71.45,36677
25-08-16,71.37,71.37,71,71.09,28108
26-08-16,71.04,71.04,70.73,70.8,39140
29-08-16,71.01,71.01,70.02,70.21,42304
30-08-16,70.68,70.68,70.3,70.3,11812
31-08-16,70.29,70.3,69.55,69.8,71743
01-09-16,70.22,70.22,69.5,69.64,32312
02-09-16,69.5,69.5,68.96,69.04,42301
05-09-16,69.48,69.88,69.48,69.78,27444
06-09-16,69.69,69.78,69.56,69.64,15678
07-09-16,69.7,70.07,69.51,69.81,51630
08-09-16,69.48,69.48,69.02,69.43,21181
09-09-16,69.01,69.01,68.8,68.85,39736
12-09-16,6.78E+01,67.77,67.23,67.24,88163
13-09-16,67.97,68.01,67.18,67.22,63605
14-09-16,67.02,67.47,67,67.36,39736
15-09-16,67.29,67.72,67.03,67.72,24605
16-09-16,68.06,68.5,67.85,68.31,27646
20-09-16,68.22,68.39,68.1,68.37,22026
21-09-16,68.55,69.04,68.5,69,25090
22-09-16,69.4,69.63,69.4,69.6,29879
23-09-16,69.75,70.21,69.5,70.13,32770
26-09-16,69.91,70.19,69.76,70.19,24366
27-09-16,69.55,69.88,69.32,69.88,50686
28-09-16,69.92,70.2,69.66,69.76,66333
29-09-16,70.52,70.71,70.42,70.71,28078
30-09-16,70.15,70.33,69.95,70.24,27433
03-10-16,70.46,70.92,70.46,70.75,32120
04-10-16,70.79,70.79,69.37,69.75,32086
05-10-16,69.54,69.54,69.22,69.43,27446
06-10-16,69.63,69.73,69.45,69.73,23325
07-10-16,69.99,69.99,69.42,69.49,26934
10-10-16,69.73,69.87,69.59,69.62,21859
11-10-16,69.89,69.98,69.62,69.68,17882
12-10-16,69.3,69.55,69.1,69.55,47364
13-10-16,69.3,69.31,68.88,69.05,40797
14-10-16,6.91E+01,69.28,69.05,69.1,24230
17-10-16,68.99,69.19,68.54,68.54,60585
18-10-16,68.58,68.87,68.46,68.82,46689
19-10-16,69.11,69.11,68.95,69.07,22904
20-10-16,69.34,69.39,69.07,69.23,34737
21-10-16,69.22,69.26,68.81,69.01,37967
24-10-16,69.08,69.15,68.38,68.68,52177
25-10-16,68.9,69.39,68.9,69.21,38238
26-10-16,68.62,68.7,67.95,68.04,65016
27-10-16,68.21,68.27,67.4,67.4,30765
28-10-16,67.4,67.52,66.93,67.19,71075
31-10-16,67.14,67.8,67.14,67.68,47610
01-11-16,67.29,67.7,67.02,67.3,53631
02-11-16,66.83,66.83,66.19,66.45,72347
03-11-16,66.16,66.65,66.03,66.51,93969
04-11-16,66.21,66.31,65.95,65.99,112335
07-11-16,66.31,66.91,66.31,66.87,96978
08-11-16,67.23,67.26,66.83,67.04,36008
09-11-16,67.38,67.69,64.42,65.62,200488
10-11-16,67.61,67.94,67.47,67.94,114978
11-11-16,68.1,68.46,68,68.46,76868
14-11-16,68.36,68.41,68,68.22,27486
15-11-16,68.14,68.14,67.83,68.1,43650
16-11-16,68.32,68.37,68.04,68.13,48769
17-11-16,67.66,68.34,67.5,68.08,35494
18-11-16,68.38,68.6,68.33,68.5,62712
21-11-16,68.43,68.63,68.28,68.51,50934
22-11-16,68.84,69.4,68.84,69.33,56333
23-11-16,69.24,70.15,69.21,70.11,71138
24-11-16,70.31,70.36,70,70.07,38988
25-11-16,70.2,70.6,70.07,70.39,55483
28-11-16,70.44,70.44,69.97,70.07,36789
29-11-16,69.83,70.15,69.74,69.79,37391
30-11-16,69.73,69.8,69.35,69.56,38116
01-12-16,69.99,70.27,69.82,70.22,28856
02-12-16,70.14,70.22,69.56,69.56,30588
05-12-16,69.45,69.45,68.79,69.09,38381
06-12-16,69.47,69.66,6.93E+01,69.38,21948
07-12-16,69.74,69.98,69.67,69.95,42098
08-12-16,70.55,70.9,70.53,70.85,36395
09-12-16,70.9,71.12,70.8,71.05,42245
12-12-16,71.03,71.4,70.96,71.09,60726
13-12-16,71.08,71.25,70.83,70.95,34909
14-12-16,71.12,71.54,71.1,71.39,58211
15-12-16,71.12,71.12,70.53,70.84,36427
16-12-16,70.82,70.95,70.48,70.65,31194
19-12-16,70.79,71.31,70.79,71.1,29764
20-12-16,71.09,71.7,71.09,71.48,57997
21-12-16,71.68,71.94,71.61,71.77,40261
22-12-16,71.67,72.17,71.67,72.05,57041
23-12-16,72.12,72.2,71.77,71.91,36885
28-12-16,72.2,72.75,72.2,72.67,41442
29-12-16,72.66,72.89,72.42,72.89,8442
30-12-16,72.76,72.83,72.5,72.5,20194
03-01-17,71.76,72.53,71.76,72.48,29883
04-01-17,72.47,72.62,72.42,72.47,38619
05-01-17,72.67,72.79,72.62,72.73,19014
06-01-17,72.72,72.86,72.65,72.68,18082
09-01-17,72.87,73.65,72.87,73.45,45432
10-01-17,73.16,73.16,72.6,72.77,26685
11-01-17,73.02,73.17,72.85,72.89,76552
12-01-17,73.15,73.28,72.76,72.86,31610
13-01-17,72.99,72.99,72.2,72.33,17432
16-01-17,72.6,72.84,72.6,72.69,22451
17-01-17,72.41,72.41,71.98,71.98,54196
18-01-17,71.73,71.73,71.5,71.64,27807
19-01-17,72.07,72.29,71.71,71.87,32175
20-01-17,71.57,71.62,71.34,71.46,38239
23-01-17,71.86,71.97,70.85,70.9,43266
24-01-17,7.11E+01,71.5,70.98,71.44,41315
25-01-17,71.9,71.91,71.55,7.17E+01,40393
27-01-17,71.99,72.23,71.78,72.18,74572
30-01-17,71.99,71.99,71.32,71.6,54457
31-01-17,71.26,71.31,70.86,71.07,46746
01-02-17,71.2,71.45,70.91,71.42,34232
02-02-17,71.63,71.64,71.15,71.32,34477
03-02-17,71.28,71.57,70.96,7.10E+01,24243
06-02-17,71.35,71.56,70.86,70.93,30067
07-02-17,70.83,71.01,70.52,71.01,34971
08-02-17,71.04,71.45,71.03,71.44,20411
09-02-17,71.53,71.58,71.2,71.49,35681
10-02-17,72,72.34,71.99,72.28,83717
13-02-17,72.43,72.94,72.42,72.85,26630
14-02-17,73.21,73.29,72.77,72.8,19891
15-02-17,73.29,73.6,73.23,73.5,40420
16-02-17,73.6,73.75,73.3,73.5,37461
17-02-17,73.54,73.56,73.35,73.38,23370
20-02-17,73.47,73.47,73.15,73.27,27897
21-02-17,73.47,73.47,73.15,73.29,32742
22-02-17,73.51,73.63,73.37,73.62,34143
23-02-17,73.46,73.61,73.2,73.46,42118
24-02-17,73.41,73.41,72.8,72.9,52387
27-02-17,72.76,72.94,72.6,72.68,33544
28-02-17,72.9,73.17,72.66,72.66,67623
01-03-17,72.51,72.61,72.21,72.59,88629
02-03-17,73.18,73.6,73.18,73.6,44533
03-03-17,73.29,73.29,72.75,72.94,56390
06-03-17,73.07,73.27,72.84,73.27,15442
07-03-17,73.04,73.63,72.93,73.45,32521
08-03-17,73.3,73.44,73.18,73.4,32586
09-03-17,73.3,73.58,73.15,73.33,52418
10-03-17,73.6,73.86,73.53,73.79,24844
13-03-17,73.77,73.79,73.4,73.52,24828
14-03-17,73.88,73.9,73.4,73.54,29921
15-03-17,73.44,73.82,73.22,73.82,27218
16-03-17,74.17,74.18,73.66,73.92,53765
17-03-17,74.01,74.37,74.01,74.14,19640
20-03-17,74.5,74.5,73.7,73.75,31391
21-03-17,73.61,73.9,73.6,73.81,51381
22-03-17,73.5,73.5,72.61,72.67,67014
23-03-17,72.84,73.04,72.76,72.87,35688
24-03-17,73.17,73.81,73.17,73.61,14351
27-03-17,73.04,7.35E+01,72.9,73.49,36879
28-03-17,73.78,74.48,73.68,74.48,28370
29-03-17,74.61,75.17,74.6,75.06,41737
30-03-17,75.27,75.42,75.24,75.37,39057
31-03-17,75.32,75.43,74.96,74.96,48520
03-04-17,74.41,74.56,74.09,74.5,33030
04-04-17,74.48,74.48,74.24,74.31,36577
05-04-17,74.59,74.61,74.19,74.5,45206
06-04-17,74.34,74.4,74.07,74.32,41437
07-04-17,74.64,74.78,74.13,74.32,39462
10-04-17,74.72,75.08,74.72,75.08,34641
11-04-17,74.95,75.53,74.93,75.3,88701
12-04-17,75.4,75.43,75.09,75.29,58254
13-04-17,75.3,75.3,74.63,74.73,46338
18-04-17,74.64,74.72,73.93,74.12,47709
19-04-17,73.74,73.9,73.54,73.75,39850
20-04-17,73.91,73.96,73.77,73.96,37743
21-04-17,74.27,74.55,74.26,74.42,18837
24-04-17,74.88,74.88,74.4,74.5,46966
26-04-17,75.11,7.52E+01,75.05,75.11,39771
27-04-17,75.08,75.23,75.04,75.2,31147
28-04-17,74.88,75.14,74.8,75.14,48481
01-05-17,75.08,75.54,75.08,75.54,26066
02-05-17,75.53,75.53,75.08,75.42,26264
03-05-17,75.34,75.47,74.63,74.82,44061
04-05-17,74.97,74.97,74.32,74.53,21897
05-05-17,74.54,74.54,73.96,74.29,73128
08-05-17,74.89,74.89,74.52,74.57,56698
09-05-17,74.53,74.55,74.16,74.25,44522
10-05-17,74.1,74.89,73.95,74.75,45712
11-05-17,75,75.33,74.67,74.71,25060
12-05-17,74.42,74.74,73.94,74.09,44954
15-05-17,73.86,74.31,73.8,74.01,56062
16-05-17,74.61,74.85,74.35,74.5,53517
17-05-17,74.31,74.31,73.67,73.71,52310
18-05-17,73,73.24,72.75,73.24,47283
19-05-17,73.21,73.21,72.85,7.31E+01,55631
22-05-17,73.52,73.8,73.44,73.73,38792
23-05-17,73.8,74.01,73.5,73.52,39357
24-05-17,73.8,73.8,73.5,73.59,38960
25-05-17,73.67,73.96,73.44,73.92,90235
26-05-17,73.76,73.76,73.3,73.45,132379
29-05-17,73.49,73.53,72.88,72.93,34560
30-05-17,72.96,73.12,72.51,73.05,54585
31-05-17,73.1,73.28,72.9,73,32788
01-06-17,72.99,73.29,72.92,73.19,32308
02-06-17,73.66,73.98,73.58,73.89,39121
05-06-17,73.72,73.72,73.26,73.47,38908
06-06-17,73.16,73.19,72.35,72.35,67778
07-06-17,72.43,72.54,72.06,72.37,53585
08-06-17,72,72.53,71.91,72.42,246485
09-06-17,72.16,72.66,72.12,72.54,16649
13-06-17,72.74,73.65,72.68,73.59,155175
14-06-17,73.75,74.5,73.71,74.49,186750
15-06-17,74.02,74.03,73.41,73.57,47269
16-06-17,73.57,74,73.55,73.67,56023
19-06-17,73.86,74.2,73.62,74.15,53157
20-06-17,74.07,74.14,73.51,73.51,163559
21-06-17,72.71,72.71,72.3,72.38,120860
22-06-17,72.5,73.15,72.5,72.92,85342
23-06-17,73,73.17,72.74,73.05,61787
26-06-17,73.13,73.46,73,73.1,72496
27-06-17,73.1,73.1,72.6,73,79880
28-06-17,72.8,73.61,72.8,73.55,87635
29-06-17,74.01,74.53,74.01,74.5,66403
30-06-17,73.65,73.65,73.22,73.22,124027
03-07-17,74,74.3,72.3,72.4,95207
04-07-17,72.93,73.7,72.93,73.59,57332
05-07-17,73.61,73.61,73.18,73.29,52117
06-07-17,73.32,73.37,73,73.26,44602
07-07-17,72.6,72.66,72.2,72.6,64758
10-07-17,72.91,73.15,72.8,72.82,36674
11-07-17,72.95,73.05,72.5,72.89,62792
12-07-17,72.73,72.73,72.05,72.14,90842
13-07-17,72.83,73.03,72.64,72.99,62015
14-07-17,73.12,73.55,73.12,73.12,38628
17-07-17,73.09,73.47,72.99,73.31,34047
18-07-17,73.2,73.26,72.2,72.35,93624
19-07-17,73.04,7.31E+01,72.59,72.96,43887
20-07-17,73.29,73.41,73.18,73.28,76826
21-07-17,72.91,73.25,72.58,72.81,42756
24-07-17,72.43,72.43,71.9,72.28,159694
25-07-17,72.54,73.09,72.54,72.87,57822
26-07-17,73.49,73.66,73.49,73.53,88744
27-07-17,73.58,73.8,73.5,73.68,37232
28-07-17,73.21,73.21,72.4,72.45,57021
31-07-17,72.66,73.12,72.5,72.85,168574
01-08-17,72.71,73.5,72.71,73.44,70917
02-08-17,73.56,73.56,72.97,73.07,27605
03-08-17,73.14,73.14,72.61,72.87,92065
04-08-17,72.73,73.01,72.65,72.76,47128
07-08-17,73.19,73.59,73.19,73.45,49053
08-08-17,73.6,73.71,72.79,73.01,93408
09-08-17,72.93,73.52,72.89,73.34,68407
10-08-17,73.49,73.8,73.17,73.23,57534
11-08-17,72.5,72.68,72.3,72.41,109970
14-08-17,72.93,73.08,72.73,73.03,55923
15-08-17,73.47,73.61,73.32,73.33,49612
16-08-17,73.35,73.9,73.18,73.9,72278
17-08-17,74.14,74.14,73.62,73.77,38573
18-08-17,72.99,73.46,72.92,73.43,68235
21-08-17,73.41,73.5,72.84,73.06,164055
22-08-17,73.3,73.63,73.29,73.58,45865
23-08-17,74.07,74.07,73.22,73.39,61005
24-08-17,73.31,73.7,73.2,73.56,74942
25-08-17,73.56,73.67,73.29,73.6,31428
28-08-17,73.57,73.6,73,73.04,61414
29-08-17,72.86,7.29E+01,72.35,72.6,116335
30-08-17,72.98,72.98,72.6,72.77,43328
31-08-17,73.08,73.35,72.94,73.31,60967
01-09-17,73.51,73.6,73.31,73.44,43285
04-09-17,73.47,73.47,73.09,73.25,29194
05-09-17,73.41,73.41,72.85,73.32,59911
06-09-17,73.02,73.22,72.8,73.19,47074
07-09-17,73.47,73.66,73.2,73.2,37855
08-09-17,73.41,73.41,72.95,73.02,39203
11-09-17,73.43,73.84,73.43,73.7,95396
12-09-17,74.05,74.38,73.97,74.17,40317
13-09-17,74.53,74.53,74.1,74.11,41671
14-09-17,74.07,74.15,7.39E+01,74.05,43052
15-09-17,73.78,73.81,73.36,73.47,70829
18-09-17,73.72,73.97,73.7,73.83,30904
19-09-17,74,74.08,73.72,73.72,28655
20-09-17,73.58,73.74,73.3,73.66,38025
21-09-17,73.62,73.62,72.77,73.01,129225
22-09-17,73.34,73.43,73.05,73.36,35084
25-09-17,73.68,73.68,73.33,73.38,33953
26-09-17,73.52,73.59,73.17,73.19,29603
27-09-17,73.4,73.4,72.9,73.1,91472
28-09-17,73.32,73.43,73.15,73.22,86299
29-09-17,73.26,73.41,72.94,73.33,40104
02-10-17,72.64,73.17,72.48,72.91,43121
03-10-17,7.29E+01,73.13,72.47,72.55,115673
04-10-17,72.6,72.6,71.94,71.95,115322
05-10-17,72.1,72.2,71.98,72.07,36027
06-10-17,72.69,72.69,72.4,72.65,43948
09-10-17,72.88,73.39,72.85,73.16,122450
10-10-17,72.89,73.26,72.89,73.04,144335
11-10-17,73.18,73.65,73.1,73.56,43268
12-10-17,73.55,73.83,73.42,73.81,52238
13-10-17,73.86,74.2,73.84,74.2,45492
16-10-17,74.35,74.62,74.35,74.5,55718
17-10-17,74.64,75.16,74.64,75.1,74865
18-10-17,75.02,75.26,75,75.07,34832
19-10-17,75.18,75.34,75,75.07,54655
20-10-17,74.83,75.51,74.74,75.24,105178
23-10-17,75.43,75.47,75.04,75.07,48947
24-10-17,75.12,75.27,74.96,75.15,68562
25-10-17,7.54E+01,75.44,75.1,75.19,82845
26-10-17,75.15,75.39,74.97,75.39,46766
27-10-17,75.56,75.68,74.55,75.19,148074
30-10-17,75.51,75.52,75.3,75.4,56470
31-10-17,75.4,75.6,75.28,7.53E+01,49467
01-11-17,75.52,75.82,75.5,75.63,111401
02-11-17,75.93,75.97,75.54,75.58,48875
03-11-17,75.75,76.01,75.75,75.89,23331
06-11-17,76,76.02,75.78,75.83,27861
07-11-17,76.24,76.7,76.24,76.67,63747
08-11-17,76.44,76.75,76.4,76.68,34323
09-11-17,7.70E+01,77.26,76.87,77.23,41031
10-11-17,76.94,77.08,76.88,76.95,31544
13-11-17,77,77.25,77,77.2,64481
14-11-17,76.65,76.68,76.3,76.44,75330
15-11-17,76.21,76.33,76.06,76.1,59610
16-11-17,75.94,7.63E+01,75.85,76.17,58282
17-11-17,76.62,76.62,76.29,76.33,28697
20-11-17,76,76.28,75.89,76.2,66580
21-11-17,76.45,76.49,76.2,76.43,44935
22-11-17,76.78,76.89,76.6,76.7,54530
23-11-17,76.72,76.78,76.51,76.71,25644
24-11-17,76.55,76.66,76.25,76.63,264888
27-11-17,76.56,77,76.56,76.77,61332
28-11-17,76.57,76.96,76.57,76.67,36392
29-11-17,77.13,77.28,77,77,93531
30-11-17,76.65,76.7,76.28,76.51,43417
01-12-17,76.85,77.06,76.63,76.8,49904
04-12-17,76.87,77,76.6,76.75,41593
05-12-17,76.28,76.73,76.21,76.53,112088
06-12-17,76.2,7.64E+01,76.1,76.17,50507
07-12-17,76.32,76.74,76.2,76.62,30197
08-12-17,76.78,77.05,76.67,76.87,63169
11-12-17,77.06,77.06,76.77,76.87,29284
12-12-17,77.02,77.11,76.89,77.01,41864
13-12-17,77.17,77.34,76.95,77.16,81422
14-12-17,77.4,77.47,77.09,77.09,96796
15-12-17,77,77.03,76.75,76.91,69529
18-12-17,77.25,77.45,77.17,77.42,51453
19-12-17,77.67,77.98,77.67,77.86,56620
20-12-17,77.61,78.01,77.61,77.89,121361
21-12-17,77.7,77.74,77.55,77.65,67915
22-12-17,77.83,78,77.75,77.75,63621
27-12-17,78,78.07,77.79,77.79,36896
28-12-17,78,78.17,77.9,78.16,16317
29-12-17,78.05,78.05,77.74,77.88,26321
01-01-18,78.09,78.09,76.59,77.04,31456
02-01-18,78.1,78.1,76.6,77.04,31456
03-01-18,77.44,77.44,77.2,77.25,99978
04-01-18,77.75,77.75,77.26,77.43,32709
05-01-18,77.8,78.02,77.67,77.96,28714
08-01-18,78.27,78.27,78.03,78.05,43656
09-01-18,78.25,78.31,78.1,78.15,39581
10-01-18,78.34,78.34,77.64,77.67,105596
11-01-18,77.62,77.62,77.13,77.26,43882
12-01-18,77.45,77.5,77.28,77.28,29483
15-01-18,77.73,77.76,77.35,77.43,30076
16-01-18,77.28,77.33,76.96,77.06,74024
17-01-18,76.71,76.79,76.55,76.68,34153
18-01-18,76.86,76.92,76.66,76.7,36057
19-01-18,76.72,76.78,76.5,76.51,34848
22-01-18,76.71,76.77,76.38,76.38,90441
23-01-18,76.67,77.01,76.67,76.95,42240
24-01-18,77.11,77.31,77.05,77.26,28983
25-01-18,77.04,77.16,76.82,77.09,52378
29-01-18,77.48,77.6,77.2,77.47,56286
30-01-18,76.98,77.21,76.66,76.74,82359
31-01-18,76.39,76.98,76.38,76.91,99919
01-02-18,77.17,77.63,77.17,77.61,24891
02-02-18,77.42,78,77.42,77.97,78005
05-02-18,76.96,77.13,76.64,76.79,83129
06-02-18,74.8,74.83,73.8,74.31,201151
07-02-18,75.29,75.58,74.84,74.87,132917
08-02-18,74.33,75.09,74.22,75.08,59878
09-02-18,73.77,74.44,73.66,74.33,102901
12-02-18,74.2,74.36,73.75,74.16,55883
13-02-18,74.34,74.69,74.09,74.6,40260
14-02-18,74.68,74.93,74.5,74.73,40700
15-02-18,75.16,75.61,75.07,75.57,81777
16-02-18,75.86,75.89,75.38,75.4,50157
19-02-18,75.41,76.07,75.29,75.95,54131
20-02-18,75.67,75.97,75.58,75.97,65591
21-02-18,75.75,76.2,75.67,76.02,37870
22-02-18,76.2,76.42,75.89,76.21,53519
23-02-18,76.65,76.87,76.48,76.82,35120
26-02-18,77.35,77.43,77.2,77.43,51404
27-02-18,77.92,77.98,77.65,77.65,48576
28-02-18,77.47,77.52,77.15,77.19,71037
01-03-18,76.88,76.88,76.53,76.72,95627
02-03-18,76.41,76.41,75.83,76.19,50301
05-03-18,76.16,76.18,75.65,75.78,38875
06-03-18,76.56,76.88,76.56,76.69,38329
07-03-18,76.27,76.31,75.8,75.87,44624
08-03-18,76.3,76.59,76.3,76.59,31151
09-03-18,76.65,77.04,76.64,76.81,32125
12-03-18,77.51,77.64,77.32,77.33,32467
13-03-18,77.16,77.16,76.65,76.94,46935
14-03-18,76.49,76.53,76.33,76.49,34889
15-03-18,76.57,76.62,76.17,76.36,47594
16-03-18,76.6,76.8,76.4,76.66,29615
19-03-18,77.13,77.25,76.55,76.87,43780
20-03-18,76.53,76.59,76.32,76.54,47703
21-03-18,76.78,76.89,76.52,76.74,30393
22-03-18,76.54,76.84,76.16,76.55,62390
23-03-18,75.49,75.49,74.9,75.07,116652
26-03-18,74.48,74.72,74.37,74.69,80458
27-03-18,75.2,75.33,75.06,75.29,68431
28-03-18,74.78,74.91,74.6,74.73,46943
29-03-18,74.89,74.91,74.2,74.28,58188
03-04-18,73.07,73.72,73,73.53,74763
04-04-18,73.66,73.66,73.25,73.66,72035
05-04-18,73.93,74.24,73.76,74.01,50966
06-04-18,73.84,74.16,73.6,73.94,107197
09-04-18,73.83,74.36,73.78,74.34,33354
10-04-18,74.1,74.88,73.94,74.87,39581
11-04-18,74.62,74.7,74.41,74.41,47489
12-04-18,74.38,74.6,74.14,74.3,46798
13-04-18,74.5,74.7,74.4,74.54,64427
16-04-18,74.73,75,74.6,74.67,46487
17-04-18,74.73,75.03,74.67,74.68,69094
18-04-18,74.95,74.97,74.8,74.87,34665
19-04-18,75.43,75.52,75.13,75.17,48638
20-04-18,74.98,75.26,74.95,74.96,33258
23-04-18,75.05,75.36,75.02,75.22,34249
24-04-18,75.33,75.77,75.2,75.64,50701
26-04-18,75.74,75.86,75.45,75.5,70869
27-04-18,76.02,76.06,75.72,76.02,51453
30-04-18,76.16,76.57,76.16,76.46,57440
01-05-18,76.48,7.70E+01,76.45,76.87,59929
02-05-18,76.88,77.34,76.87,77.29,72060
03-05-18,77.71,78.05,77.66,77.92,38991
04-05-18,77.95,78.08,77.42,77.46,91043
07-05-18,78,78.09,77.68,77.74,44156
08-05-18,77.98,78.08,77.79,77.81,62469
09-05-18,77.91,78.1,77.83,78.1,49987
10-05-18,78.46,78.53,78.15,78.2,46731
11-05-18,78.35,78.46,78.15,78.15,40203
14-05-18,78.44,78.57,78.32,78.53,56739
15-05-18,78.56,7.87E+01,78.18,78.18,35018
16-05-18,78.21,78.6,78.18,78.33,27630
17-05-18,78.43,78.43,78.1,78.2,25796
18-05-18,78.66,78.66,78.11,78.22,108962
21-05-18,78.11,78.31,78.01,78.17,56375
22-05-18,78.05,78.05,77.47,77.63,51330
23-05-18,77.78,77.85,77.47,77.59,47428
24-05-18,7.74E+01,77.6,77.29,77.54,61013
25-05-18,77.41,77.6,77.27,77.58,67277
28-05-18,77.43,77.43,77.05,77.19,69393
29-05-18,77.21,77.46,77.11,77.31,50545
30-05-18,76.75,76.97,76.68,76.95,59186
31-05-18,77.51,77.54,77.19,77.35,205522
01-06-18,77.09,77.12,76.79,77.1,41211
04-06-18,77.56,77.67,77.36,77.41,32616
05-06-18,77.21,77.29,76.92,77.15,49228
06-06-18,77.37,77.55,77.27,77.55,62890
07-06-18,77.6,78.12,77.55,77.99,62494
08-06-18,77.88,77.98,77.69,77.76,43080
12-06-18,77.98,78.02,77.75,77.89,54967
13-06-18,77.89,77.9,77.29,77.39,96911
14-06-18,77.3,77.61,77.2,77.39,43177
15-06-18,77.96,78.5,77.96,78.41,144359
18-06-18,78.41,78.65,78.27,78.46,127057
19-06-18,78.86,79.04,78.49,78.49,119004
20-06-18,79.05,79.38,78.83,79.38,54670
21-06-18,79.93,80.34,79.85,80.15,85912
22-06-18,79.91,80.29,79.9,79.95,74218
25-06-18,80.18,80.34,79.76,79.8,109163
26-06-18,79.24,79.73,79.24,79.66,62103
27-06-18,79.89,79.89,79.57,79.64,47216
28-06-18,79.6,80.08,79.57,80.03,69605
29-06-18,80.23,80.23,79.76,79.76,34433
02-07-18,79.04,79.04,78.57,78.57,47715
03-07-18,78.86,79.09,78.6,78.97,47446
04-07-18,78.89,78.91,78.49,78.6,51064
05-07-18,78.81,79.04,78.74,79,35298
06-07-18,79.2,79.75,79.09,79.75,45799
09-07-18,79.93,80.08,79.79,79.87,52433
10-07-18,80.17,80.17,79.51,79.51,71207
11-07-18,79.53,79.53,78.93,78.99,30834
12-07-18,79.14,79.83,79.14,79.67,26387
13-07-18,79.79,79.89,79.41,79.65,53302
16-07-18,79.65,79.67,79.24,79.28,73177
17-07-18,79.09,79.28,78.77,78.81,116396
18-07-18,79.24,79.49,79.19,79.35,33198
19-07-18,79.44,79.74,79.3,79.52,94346
20-07-18,79.53,80,79.49,79.84,79711
23-07-18,79.5,79.5,79.07,79.11,55383
24-07-18,79.41,79.63,79.4,79.61,28046
25-07-18,79.65,7.97E+01,79.24,79.34,53413
26-07-18,79.36,79.45,78.93,79.36,82303
27-07-18,79.74,80.09,79.74,80.07,48353
30-07-18,79.68,79.8,79.49,79.66,200704
31-07-18,79.85,80.04,79.66,79.77,145131
01-08-18,80,80,79.68,79.71,96248
02-08-18,79.77,79.78,79.29,79.29,197708
03-08-18,79.66,79.73,79.21,79.25,89473
06-08-18,79.58,79.9,79.48,79.71,37364
07-08-18,79.6,79.64,79.34,79.43,43772
08-08-18,79.54,79.78,79.44,79.6,42814
09-08-18,79.76,80.22,79.58,80.03,31077
10-08-18,80.19,80.19,79.73,79.73,23211
13-08-18,79.5,79.61,79.27,79.43,39853
14-08-18,79.66,80.19,79.66,80.12,93176
15-08-18,80.09,80.66,80.02,80.66,69458
16-08-18,80.23,80.67,80.05,80.67,138515
17-08-18,80.52,80.8,80.45,80.8,53100
20-08-18,81.03,81.08,80.9,80.94,96317
21-08-18,80.97,80.98,80.09,80.22,107626
22-08-18,80,80.05,79.78,79.95,64242
23-08-18,80.24,80.24,79.8,79.84,73742
24-08-18,80.07,80.2,79.75,79.9,60688
27-08-18,79.91,80.17,79.7,80.14,55098
28-08-18,80.59,80.82,80.43,80.7,53794
29-08-18,80.7,81.3,80.62,81.3,68414
30-08-18,81.56,81.61,81.3,81.3,35972
31-08-18,81.26,81.3,80.92,80.92,58648
03-09-18,81.2,81.2,80.86,80.86,50771
04-09-18,80.86,80.86,80.36,80.59,130235
05-09-18,80.54,80.54,79.84,79.84,83295
06-09-18,79.64,79.71,78.95,79.05,90269
07-09-18,78.62,78.89,78.35,78.89,79973
10-09-18,78.68,79.01,78.65,78.88,86185
11-09-18,78.96,79.47,78.95,79.44,39152
12-09-18,79.28,79.43,79.05,79.39,54985
13-09-18,79.25,79.38,78.8,78.81,40663
14-09-18,79.04,79.46,78.99,79.38,37312
17-09-18,79.22,79.72,79.04,79.6,46416
18-09-18,79.22,79.46,79.13,79.29,37985
19-09-18,79.48,79.74,79.39,79.68,32284
20-09-18,79.47,79.55,79.26,79.4,41349
21-09-18,79.59,79.86,79.5,79.61,23929
24-09-18,79.49,79.76,79.38,79.67,51464
25-09-18,79.52,79.67,79.34,79.56,67725
26-09-18,79.72,79.9,79.55,79.69,24445
27-09-18,79.48,79.76,79.48,79.56,101172
28-09-18,79.76,80.22,79.72,80.01,166205
01-10-18,78.32,78.37,78.1,78.31,143611
02-10-18,78.47,78.5,77.69,77.79,62484
03-10-18,77.87,78.08,77.79,78.07,37496
04-10-18,78.3,78.69,78.28,78.43,55191
05-10-18,78.19,78.78,78.11,78.53,60031
08-10-18,78.04,78.04,77.43,77.43,68802
09-10-18,77.19,77.24,76.59,76.7,76525
10-10-18,76.75,76.87,76.43,76.79,57014
11-10-18,75.25,75.54,74.7,74.72,192441
12-10-18,74,74.89,73.96,7.47E+01,149882
15-10-18,74.09,74.29,73.51,74.1,231292
16-10-18,74.17,74.68,74.17,74.55,175546
17-10-18,75.11,75.41,75.03,75.38,131382
18-10-18,75.4,75.41,75.04,75.39,81261
19-10-18,74.87,75.42,74.68,75.42,73984
22-10-18,74.96,75.09,74.7,74.93,77984
23-10-18,74.9,74.94,74.18,74.18,131393
24-10-18,74.15,74.34,73.89,73.96,102517
25-10-18,72.78,72.9,71.83,71.83,301105
26-10-18,72.17,72.28,71.35,71.9,278009
29-10-18,72.29,72.79,72.19,72.68,131604
30-10-18,72.28,73.6,72.15,73.6,182337
31-10-18,73.63,73.96,73.38,73.96,166995
01-11-18,74.28,74.5,73.8,74.07,97402
02-11-18,73.9,74.18,73.64,74.18,143389
05-11-18,73.83,74.29,73.76,73.83,53104
06-11-18,73.95,74.52,73.93,74.48,38125
07-11-18,74.5,74.85,74.14,74.85,82312
08-11-18,75.17,75.43,75.11,75.34,97663
09-11-18,75.4,75.5,74.93,75.28,81548
12-11-18,75.02,75.69,74.96,75.69,82488
13-11-18,74.8,74.81,74.29,74.43,117152
14-11-18,74.34,74.4,73.05,73.18,115929
15-11-18,73.22,73.39,72.53,72.97,78223
16-11-18,73.3,73.43,73.02,73.07,87767
19-11-18,72.84,72.94,72.47,72.7,94598
20-11-18,72.35,72.44,71.9,72.39,73786
21-11-18,71.48,72.09,71.38,72,114841
22-11-18,72.04,72.64,72.04,72.62,58222
23-11-18,72.54,72.98,72.42,72.85,51044
26-11-18,72.48,72.69,72.14,72.37,100233
27-11-18,72.8,73.04,72.31,73.01,133246
28-11-18,73.13,73.21,72.79,73.04,59372
29-11-18,73.41,73.68,73.21,73.4,89240
30-11-18,73.17,7.34E+01,72.26,72.26,182403
03-12-18,73.17,73.63,73.11,73.6,138546
04-12-18,73.47,73.53,72.9,72.93,74733
05-12-18,71.9,72.38,71.55,72.34,58511
06-12-18,72.46,72.46,71.72,72.15,169038
07-12-18,72.29,72.8,72.26,72.52,106250
10-12-18,71.61,71.8,70.79,70.87,175031
11-12-18,71.13,71.32,70.82,71.09,275456
12-12-18,71.33,72.14,71.24,72.04,281806
13-12-18,71.98,72.45,71.91,72.16,145775
14-12-18,71.92,72.08,71.25,71.42,91199
17-12-18,71.28,72.31,71.25,72.21,115510
18-12-18,71.48,71.69,71.13,71.25,99575
19-12-18,70.98,71.24,70.84,71.23,261701
20-12-18,70.84,71.31,70.2,70.2,104564
21-12-18,70.4,70.64,69.19,69.63,195697
24-12-18,69.02,70.08,68.9,70.03,55629
27-12-18,70.9,71.33,70.7,71.19,160208
28-12-18,71.56,72.03,71.5,72.03,108109
31-12-18,72.58,72.82,72.12,72.13,49410
02-01-19,71.44,71.81,70.2,70.26,77980
03-01-19,70.76,71.48,70.64,71.35,44357
04-01-19,70.82,71,70.44,71,46418
07-01-19,71.89,72.3,71.8,71.88,53620
08-01-19,71.85,72.53,71.65,72.39,107408
09-01-19,72.6,73.15,72.6,73.08,90740
10-01-19,73.37,73.5,72.8,73.33,83180
11-01-19,73.43,73.45,72.99,72.99,48092
14-01-19,73.22,73.32,72.81,73,66674
15-01-19,73.15,73.54,73.01,73.54,59368
16-01-19,73.5,73.8,73.49,73.8,52881
17-01-19,74.01,74.09,73.75,74.02,41578
18-01-19,74.29,74.5,74.22,74.34,52958
21-01-19,74.69,74.81,74.47,74.47,59385
22-01-19,74.38,74.45,74.03,74.12,68257
23-01-19,73.95,74.18,73.8,73.94,62556
24-01-19,73.96,74.25,73.85,74.25,43801
25-01-19,74.4,74.84,74.32,74.75,61612
29-01-19,74.58,74.58,74.1,74.22,71281
30-01-19,74.61,74.75,74.18,74.44,102755
31-01-19,74.67,74.78,74.29,74.29,59000
01-02-19,74.32,74.41,74.06,74.17,87510
04-02-19,74.16,74.61,73.95,74.54,88151
05-02-19,75.29,76.41,75.27,75.9,172973
06-02-19,76,76.41,75.77,76.19,35295
07-02-19,76.65,77.21,76.56,77.09,60473
08-02-19,76.87,77.06,76.57,76.74,82911
11-02-19,76.8,76.94,76.24,76.54,86572
12-02-19,76.61,77.08,76.58,76.91,70120
13-02-19,77.27,77.27,76.75,76.81,70362
14-02-19,76.75,77.3,76.75,76.94,66628
15-02-19,76.81,77.09,76.74,77.08,58419
18-02-19,77.54,77.75,77.2,77.75,47538
19-02-19,77.37,77.97,77.37,77.5,64565
20-02-19,77.58,77.78,77.15,77.41,166149
21-02-19,77.63,78.17,77.22,77.96,46347
22-02-19,78.02,78.5,77.9,78.37,161424
25-02-19,78.69,78.69,78.29,78.5,35810
26-02-19,78.47,78.47,77.68,77.98,115935
27-02-19,78.23,78.45,78.06,78.34,49830
28-02-19,78.6,78.69,78.21,78.52,105689
01-03-19,78.7,79.21,78.7,79.05,129857
04-03-19,79.4,79.61,79.32,79.32,58489
05-03-19,78.98,79.26,78.8,79.09,1247335
06-03-19,79.24,79.75,79.2,79.7,69182
07-03-19,80.18,80.25,79.98,80.14,127580
08-03-19,79.86,79.87,79.36,79.36,83895
11-03-19,79.13,79.29,79,79.12,76830
12-03-19,79.65,79.68,79.05,79.05,102709
13-03-19 16:00,78.97,79.24,78.47,79.24,145261
14-03-19 16:00,79.23,79.23,78.85,79.1,40315
15-03-19 16:00,79.48,79.48,79.05,79.2,45096
18-03-19 16:00,79.34,79.48,79.02,79.3,52831
19-03-19 16:00,79.57,79.57,79.1,79.24,42717
20-03-19 16:00,79.22,79.28,78.9,78.99,136290
21-03-19 16:00,78.91,79.11,78.6,79.01,51520
22-03-19 16:00,79.45,79.84,79.34,79.37,62358
25-03-19 16:00,78.73,78.8,78.33,78.48,75863
26-03-19 16:00,78.47,78.69,78.38,78.52,102722
27-03-19 16:00,78.45,78.58,78.15,78.58,36028
28-03-19 16:00,78.47,79.12,78.34,79.12,46772
29-03-19 16:00,79.28,79.6,79.2,79.2,46712
01-04-19 16:00,78.72,79.02,78.69,78.72,48988
02-04-19 16:00,79.02,79.85,79,79.08,74960
03-04-19 16:00,79.5,79.68,79.28,79.55,52910
04-04-19 16:00,79.38,79.38,78.78,78.88,87593
05-04-19 16:00,78.68,78.7,78.13,78.29,39688
08-04-19 16:00,78.63,78.83,78.5,78.83,91291
09-04-19 16:00,78.99,78.99,78.66,78.79,44155
10-04-19 16:00,78.6,79,78.53,78.83,48941
11-04-19 16:00,78.69,78.72,78.35,78.59,51640
12-04-19 16:00,78.9,79.21,78.9,79.2,60790
15-04-19 16:00,79.28,79.33,79.03,79.13,89401
16-04-19 16:00,79.06,79.66,79,79.52,58847
17-04-19 16:00,79.5,79.7,79.22,79.31,39178
18-04-19 16:00,79.88,79.9,79.19,79.3,50324
23-04-19 16:00,79.59,80.14,79.56,80.14,61330
24-04-19 16:00,80.55,81.03,80.5,80.83,81325
26-04-19 16:00,80.93,81,80.64,80.9,71952
29-04-19 16:00,80.81,80.84,80.41,80.6,69094
30-04-19 16:00,80.46,80.46,80.07,80.19,81242
01-05-19 16:00,80.5,80.88,80.47,80.8,121742
02-05-19 16:00,80.41,80.48,80.15,80.34,44179
03-05-19 16:00,80.37,80.56,80.24,80.35,56091
06-05-19 16:00,79.65,79.99,79.18,79.62,63019
07-05-19 16:00,79.99,80.38,79.73,79.79,61164
08-05-19 16:00,79.16,79.53,79.08,79.46,47352
09-05-19 16:00,79.34,79.88,79.34,79.85,59706
10-05-19 16:00,79.68,80.09,79.65,80.02,64526
13-05-19 16:00,79.95,80.04,79.79,80.02,60538
14-05-19 16:00,79.2,79.41,78.9,79.39,56744
15-05-19 16:00,79.59,80.07,79.38,80,44386
16-05-19 16:00,80.19,80.63,79.98,80.63,47321
17-05-19 16:00,81.44,81.59,81.07,81.13,53865
20-05-19 16:00,82.14,82.55,82.05,82.53,130703
21-05-19 16:00,82.19,82.83,82.1,82.83,119139
22-05-19 16:00,82.81,82.96,82.53,82.93,239697
23-05-19 16:00,82.75,82.89,82.55,82.78,42297
24-05-19 16:00,82.3,82.36,82.05,82.25,79142
27-05-19 16:00,82.3,82.4,82.17,82.23,60990
28-05-19 16:00,82.39,82.77,82.39,82.6,58868
29-05-19 16:00,82.05,82.1,81.77,82.1,64728
30-05-19 16:00,81.58,81.7,81.36,81.44,71376
31-05-19 16:00,81.27,81.61,81.13,81.42,79207
03-06-19 16:00,81.11,81.15,80.58,80.58,134319
04-06-19 16:00,80.66,80.89,80.52,80.76,66719
05-06-19 16:00,81.53,81.56,81,81.07,71171
06-06-19 16:00,81.25,81.66,81.25,81.45,301243
07-06-19 16:00,81.86,82.11,81.67,82.11,66317
11-06-19 16:00,82.66,83.45,82.66,83.45,85474
12-06-19 16:00,83.57,83.99,83.39,83.39,65236
13-06-19 16:00,83.61,83.68,83.3,83.45,59647
14-06-19 16:00,83.5,83.6,83.3,83.54,64546
17-06-19 16:00,83.47,83.57,83.19,83.28,77886
18-06-19 16:00,83.28,83.81,83.27,83.71,54758
19-06-19 16:00,84.36,84.76,84.36,84.76,63162
20-06-19 16:00,84.89,85.21,84.65,85.21,82243
21-06-19 16:00,85.15,85.29,84.62,84.73,67096
24-06-19 16:00,84.63,84.95,84.37,84.95,82192
25-06-19 16:00,84.75,85.19,84.75,84.91,85857
26-06-19 16:00,84.52,84.87,84.51,84.67,82426
27-06-19 16:00,84.52,85.07,84.35,85.02,73064
28-06-19 16:00,84.95,85.06,84.58,84.6,95717
01-07-19 16:00,84.44,84.44,84.04,84.14,80154
02-07-19 16:00,84.33,84.55,84.02,84.08,125473
03-07-19 16:00,84.16,84.69,84,84.56,64057
04-07-19 16:00,84.94,85.16,84.9,85.01,58350
05-07-19 16:00,85.2,85.65,85.01,85.41,64399
08-07-19 16:00,85.23,85.23,84.4,84.51,86718
09-07-19 16:00,84.29,84.51,84.01,84.3,83958
10-07-19 16:00,84.63,85,84.54,84.62,91043
11-07-19 16:00,84.58,85.16,84.58,84.99,162772
12-07-19 16:00,84.76,84.99,84.61,84.72,84527
15-07-19 16:00,84.27,84.45,83.98,84.21,113410
16-07-19 16:00,84.24,84.3,84.04,84.04,72860
17-07-19 16:00,83.89,84.5,83.83,84.44,69096
18-07-19 16:00,84.33,84.37,83.9,84.1,57102
19-07-19 16:00,84.21,84.86,84.16,84.85,63358
22-07-19 16:00,84.7,84.97,84.47,84.64,92408
23-07-19 16:00,84.86,85.2,84.8,85.07,82742
24-07-19 16:00,85.51,85.88,85.51,85.74,65504
25-07-19 16:00,85.96,86.27,85.79,86.23,101557
26-07-19 16:00,86.07,86.21,85.8,85.99,93042
29-07-19 16:00,86.2,86.52,86.1,86.42,94108
30-07-19 16:00,86.84,87.04,86.62,86.65,84429
31-07-19 16:00,86.38,86.57,86.28,86.28,59212
01-08-19 16:00,85.86,86.16,85.79,85.94,65510
02-08-19 16:00,85.72,85.72,85.37,85.65,82890
05-08-19 16:00,85.57,85.6,84.06,84.06,136734
06-08-19 16:00,81.81,82.45,81.53,82,165315
07-08-19 16:00,81.81,82.63,81.7,82.49,245648
08-08-19 16:00,82.08,83.18,81.8,83.18,213935
09-08-19 16:00,83.45,83.55,83.1,83.43,90562
12-08-19 16:00,83.12,83.48,83.01,83.48,71212
13-08-19 16:00,83.16,83.54,83.03,83.26,86863
14-08-19 16:00,83.82,83.93,83.3,83.93,68136
15-08-19 16:00,82.34,82.38,81.34,81.4,169871
16-08-19 16:00,81.31,81.6,81.16,81.34,108661
19-08-19 16:00,82.11,82.35,81.95,82.22,77802
20-08-19 16:00,82.41,83.23,82.35,83.23,87396
21-08-19 16:00,82.65,82.78,82.2,82.42,74707
22-08-19 16:00,82.98,83.04,82.69,82.71,67294
23-08-19 16:00,82.69,83.12,82.61,82.99,39519
26-08-19 16:00,81.71,82.02,81.64,82.02,152643
27-08-19 16:00,82.19,82.6,82,82.41,118474
28-08-19 16:00,82.44,82.86,82.4,82.86,68622
29-08-19 16:00,83,83.08,82.55,82.96,60142
30-08-19 16:00,83.68,84.4,83.59,84.27,76688
02-09-19 16:00,84,84.3,83.73,84.12,80158
03-09-19 16:00,83.78,84.18,83.7,83.81,81655
04-09-19 16:00,83.29,83.65,83.09,83.59,65487
05-09-19 16:00,84.14,84.86,84.08,84.72,99086
06-09-19 16:00,85.01,85.29,84.94,85.17,50344
09-09-19 16:00,84.99,85.32,84.99,85.17,66286
10-09-19 16:00,85.1,85.1,84.57,84.83,104503
11-09-19 16:00,85,85.16,84.88,84.93,36703
12-09-19 16:00,85.65,85.78,85.19,85.28,49097
13-09-19 16:00,85.56,85.67,85.35,85.49,71482
16-09-19 16:00,85.26,85.63,85.22,85.56,101169
17-09-19 16:00,85.39,85.86,85.29,85.86,96044
18-09-19 16:00,85.94,85.98,85.58,85.63,129087
19-09-19 16:00,86.18,86.55,86,86.23,170209
20-09-19 16:00,86.55,86.97,86.28,86.28,430792
23-09-19 16:00,86.94,86.94,86.6,86.6,524998
24-09-19 16:00,86.6,86.79,86.54,86.58,220632
25-09-19 16:00,86.55,86.8,85.85,86.05,460738
26-09-19 16:00,86.23,86.25,85.5,85.64,249042
27-09-19 16:00,85.97,86.25,85.94,86.16,82634
30-09-19 16:00,86.89,86.89,86.01,86.08,166816
01-10-19 16:00,85,85.5,84.75,85.5,155562
02-10-19 16:00,85.8,85.8,84.14,84.16,280317
03-10-19 16:00,83,83,82.04,82.33,329377
04-10-19 16:00,82.47,82.82,82.27,82.64,359591
07-10-19 16:00,83.05,83.24,82.86,83.16,144067
08-10-19 16:00,83.56,83.72,83.46,83.6,131796
09-10-19 16:00,82.96,83.09,82.61,82.95,176096
10-10-19 16:00,82.93,83.39,82.8,83.39,312305
11-10-19 16:00,83.8,83.89,83.54,83.77,138292
14-10-19 16:00,84.31,84.66,84.16,84.16,209773
15-10-19 16:00,83.95,84.39,83.94,84.32,85007
16-10-19 16:00,84.98,85.41,84.84,85.38,75341
17-10-19 16:00,85.45,85.48,84.66,84.73,83944
18-10-19 16:00,84.44,84.55,84.06,84.25,175690
21-10-19 16:00,84.25,84.28,83.8,84.28,120996
22-10-19 16:00,84.5,84.69,84.2,84.57,202456
23-10-19 16:00,84.42,84.53,84.07,84.53,317978
24-10-19 16:00,85.12,85.14,84.8,84.82,180239
25-10-19 16:00,85.29,85.44,85.24,85.39,82316
28-10-19 16:00,85.69,85.74,85.4,85.42,159172
29-10-19 16:00,85.64,85.66,85.31,85.41,150451
30-10-19 16:00,85.16,85.22,84.6,84.75,262933
31-10-19 16:00,84.72,84.72,84.11,84.41,460390
01-11-19 16:00,84.25,84.57,84.09,84.56,206694
04-11-19 16:00,84.84,85.06,84.53,84.61,149409
05-11-19 16:00,85.17,85.22,84.65,84.89,401309
06-11-19 16:00,85,85.13,84.37,84.37,271496
07-11-19 16:00,84.66,85.3,84.55,85.27,168385
08-11-19 16:00,85.31,85.47,84.98,85.21,177095
11-11-19 16:00,85.64,85.95,85.6,85.95,165157
12-11-19 16:00,86.08,86.15,85.58,85.81,301537
13-11-19 16:00,86,86.04,85.13,85.15,288083
14-11-19 16:00,85.19,85.89,85.12,85.71,156248
15-11-19 16:00,86,86.52,85.95,86.49,90717
18-11-19 16:00,86.5,86.51,85.89,86.01,121426
19-11-19 16:00,86.2,86.72,85.98,86.72,136417
20-11-19 16:00,86.17,86.17,85.43,85.55,276996
21-11-19 16:00,84.9,85.25,84.45,84.96,322679
22-11-19 16:00,85.24,85.62,85.24,85.42,123619
25-11-19 16:00,85.78,86.01,85.65,85.68,89083
26-11-19 16:00,86.02,86.51,86.02,86.35,80104
27-11-19 16:00,86.44,87.22,86.35,87.22,93461
28-11-19 16:00,87.63,87.63,87.31,87.32,90066
29-11-19 16:00,87.78,87.78,87.14,87.14,216957
02-12-19 16:00,87.3,87.7,87.07,87.5,62840
03-12-19 16:00,86.89,86.89,85.27,85.4,207718
04-12-19 16:00,85,85,83.87,84.22,276726
05-12-19 16:00,84.81,85.14,84.74,85.09,214185
06-12-19 16:00,85.19,85.49,85.17,85.37,68063
09-12-19 16:00,85.79,85.87,85.48,85.8,159112
10-12-19 16:00,85.59,85.77,85.35,85.35,56462
11-12-19 16:00,85.62,85.95,85.52,85.87,65131
12-12-19 16:00,85.76,85.87,85.32,85.42,78339
13-12-19 16:00,85.77,85.97,85.68,85.94,111906
16-12-19 16:00,86.31,87.44,86.29,87.21,99659
17-12-19 16:00,87.3,87.5,87.09,87.17,86375
18-12-19 16:00,87.29,87.5,86.98,87.5,153545
19-12-19 16:00,87.51,87.51,86.8,87.38,121429
20-12-19 16:00,86.99,87.1,86.66,86.73,77475
23-12-19 16:00,86.67,86.67,86.41,86.45,68119
24-12-19 14:10,86.44,86.52,86.25,86.43,45962
27-12-19 16:00,86.64,86.85,86.5,86.81,52595
30-12-19 16:00,86.86,86.92,86.31,86.88,64856
