,0
2015-12-31 00:00:00,675.8900146484375
2016-01-04 00:00:00,636.989990234375
2016-01-05 00:00:00,633.7899780273438
2016-01-06 00:00:00,632.6500244140625
2016-01-07 00:00:00,607.9400024414062
2016-01-08 00:00:00,607.0499877929688
2016-01-11 00:00:00,617.739990234375
2016-01-12 00:00:00,617.8900146484375
2016-01-13 00:00:00,581.8099975585938
2016-01-14 00:00:00,593.0
2016-01-15 00:00:00,570.1799926757812
2016-01-19 00:00:00,574.47998046875
2016-01-20 00:00:00,571.77001953125
2016-01-21 00:00:00,575.02001953125
2016-01-22 00:00:00,596.3800048828125
2016-01-25 00:00:00,596.530029296875
2016-01-26 00:00:00,601.25
2016-01-27 00:00:00,583.3499755859375
2016-01-28 00:00:00,635.3499755859375
2016-01-29 00:00:00,587.0
2016-02-01 00:00:00,574.8099975585938
2016-02-02 00:00:00,552.0999755859375
2016-02-03 00:00:00,531.0700073242188
2016-02-04 00:00:00,536.260009765625
2016-02-05 00:00:00,502.1300048828125
2016-02-08 00:00:00,488.1000061035156
2016-02-09 00:00:00,482.07000732421875
2016-02-10 00:00:00,490.4800109863281
2016-02-11 00:00:00,503.82000732421875
2016-02-12 00:00:00,507.0799865722656
2016-02-16 00:00:00,521.0999755859375
2016-02-17 00:00:00,534.0999755859375
2016-02-18 00:00:00,525.0
2016-02-19 00:00:00,534.9000244140625
2016-02-22 00:00:00,559.5
2016-02-23 00:00:00,552.9400024414062
2016-02-24 00:00:00,554.0399780273438
2016-02-25 00:00:00,555.1500244140625
2016-02-26 00:00:00,555.22998046875
2016-02-29 00:00:00,552.52001953125
2016-03-01 00:00:00,579.0399780273438
2016-03-02 00:00:00,580.2100219726562
2016-03-03 00:00:00,577.489990234375
2016-03-04 00:00:00,575.1400146484375
2016-03-07 00:00:00,562.7999877929688
2016-03-08 00:00:00,560.260009765625
2016-03-09 00:00:00,559.469970703125
2016-03-10 00:00:00,558.9299926757812
2016-03-11 00:00:00,569.6099853515625
2016-03-14 00:00:00,573.3699951171875
2016-03-15 00:00:00,577.02001953125
2016-03-16 00:00:00,574.27001953125
2016-03-17 00:00:00,559.4400024414062
2016-03-18 00:00:00,552.0800170898438
2016-03-21 00:00:00,553.97998046875
2016-03-22 00:00:00,560.47998046875
2016-03-23 00:00:00,569.6300048828125
2016-03-24 00:00:00,582.9500122070312
2016-03-28 00:00:00,579.8699951171875
2016-03-29 00:00:00,593.8599853515625
2016-03-30 00:00:00,598.6900024414062
2016-03-31 00:00:00,593.6400146484375
2016-04-01 00:00:00,598.5
2016-04-04 00:00:00,593.1900024414062
2016-04-05 00:00:00,586.1400146484375
2016-04-06 00:00:00,602.0800170898438
2016-04-07 00:00:00,591.4299926757812
2016-04-08 00:00:00,594.5999755859375
2016-04-11 00:00:00,595.9299926757812
2016-04-12 00:00:00,603.1699829101562
2016-04-13 00:00:00,614.8200073242188
2016-04-14 00:00:00,620.75
2016-04-15 00:00:00,625.8900146484375
2016-04-18 00:00:00,635.3499755859375
2016-04-19 00:00:00,627.9000244140625
2016-04-20 00:00:00,632.989990234375
2016-04-21 00:00:00,631.0
2016-04-22 00:00:00,620.5
2016-04-25 00:00:00,626.2000122070312
2016-04-26 00:00:00,616.8800048828125
2016-04-27 00:00:00,606.5700073242188
2016-04-28 00:00:00,602.0
2016-04-29 00:00:00,659.5900268554688
2016-05-02 00:00:00,683.8499755859375
2016-05-03 00:00:00,671.3200073242188
2016-05-04 00:00:00,670.9000244140625
2016-05-05 00:00:00,659.0900268554688
2016-05-06 00:00:00,673.9500122070312
2016-05-09 00:00:00,679.75
2016-05-10 00:00:00,703.0700073242188
2016-05-11 00:00:00,713.22998046875
2016-05-12 00:00:00,717.9299926757812
2016-05-13 00:00:00,709.9199829101562
2016-05-16 00:00:00,710.6599731445312
2016-05-17 00:00:00,695.27001953125
2016-05-18 00:00:00,697.4500122070312
2016-05-19 00:00:00,698.52001953125
2016-05-20 00:00:00,702.7999877929688
2016-05-23 00:00:00,696.75
2016-05-24 00:00:00,704.2000122070312
2016-05-25 00:00:00,708.3499755859375
2016-05-26 00:00:00,714.9099731445312
2016-05-27 00:00:00,712.239990234375
2016-05-31 00:00:00,722.7899780273438
2016-06-01 00:00:00,719.4400024414062
2016-06-02 00:00:00,728.239990234375
2016-06-03 00:00:00,725.5399780273438
2016-06-06 00:00:00,726.72998046875
2016-06-07 00:00:00,723.739990234375
2016-06-08 00:00:00,726.6400146484375
2016-06-09 00:00:00,727.6500244140625
2016-06-10 00:00:00,717.9099731445312
2016-06-13 00:00:00,715.239990234375
2016-06-14 00:00:00,719.2999877929688
2016-06-15 00:00:00,714.260009765625
2016-06-16 00:00:00,717.510009765625
2016-06-17 00:00:00,706.3900146484375
2016-06-20 00:00:00,714.010009765625
2016-06-21 00:00:00,715.8200073242188
2016-06-22 00:00:00,710.5999755859375
2016-06-23 00:00:00,722.0800170898438
2016-06-24 00:00:00,698.9600219726562
2016-06-27 00:00:00,691.3599853515625
2016-06-28 00:00:00,707.9500122070312
2016-06-29 00:00:00,715.5999755859375
2016-06-30 00:00:00,715.6199951171875
2016-07-01 00:00:00,725.6799926757812
2016-07-05 00:00:00,728.0999755859375
2016-07-06 00:00:00,737.6099853515625
2016-07-07 00:00:00,736.5700073242188
2016-07-08 00:00:00,745.8099975585938
2016-07-11 00:00:00,753.780029296875
2016-07-12 00:00:00,748.2100219726562
2016-07-13 00:00:00,742.6300048828125
2016-07-14 00:00:00,741.2000122070312
2016-07-15 00:00:00,735.4400024414062
2016-07-18 00:00:00,736.0700073242188
2016-07-19 00:00:00,739.9500122070312
2016-07-20 00:00:00,745.719970703125
2016-07-21 00:00:00,744.4299926757812
2016-07-22 00:00:00,744.8599853515625
2016-07-25 00:00:00,739.6099853515625
2016-07-26 00:00:00,735.5900268554688
2016-07-27 00:00:00,736.6699829101562
2016-07-28 00:00:00,752.6099853515625
2016-07-29 00:00:00,758.8099975585938
2016-08-01 00:00:00,767.739990234375
2016-08-02 00:00:00,760.5800170898438
2016-08-03 00:00:00,754.6400146484375
2016-08-04 00:00:00,760.77001953125
2016-08-05 00:00:00,765.97998046875
2016-08-08 00:00:00,766.5599975585938
2016-08-09 00:00:00,768.3099975585938
2016-08-10 00:00:00,768.5599975585938
2016-08-11 00:00:00,771.239990234375
2016-08-12 00:00:00,772.5599975585938
2016-08-15 00:00:00,768.489990234375
2016-08-16 00:00:00,764.0399780273438
2016-08-17 00:00:00,764.6300048828125
2016-08-18 00:00:00,764.4600219726562
2016-08-19 00:00:00,757.3099975585938
2016-08-22 00:00:00,759.47998046875
2016-08-23 00:00:00,762.4500122070312
2016-08-24 00:00:00,757.25
2016-08-25 00:00:00,759.219970703125
2016-08-26 00:00:00,769.0
2016-08-29 00:00:00,771.2899780273438
2016-08-30 00:00:00,767.5800170898438
2016-08-31 00:00:00,769.1599731445312
2016-09-01 00:00:00,770.6199951171875
2016-09-02 00:00:00,772.4400024414062
2016-09-06 00:00:00,788.8699951171875
2016-09-07 00:00:00,784.47998046875
2016-09-08 00:00:00,784.0599975585938
2016-09-09 00:00:00,760.1400146484375
2016-09-12 00:00:00,771.489990234375
2016-09-13 00:00:00,761.010009765625
2016-09-14 00:00:00,761.0900268554688
2016-09-15 00:00:00,769.6900024414062
2016-09-16 00:00:00,778.52001953125
2016-09-19 00:00:00,775.0999755859375
2016-09-20 00:00:00,780.219970703125
2016-09-21 00:00:00,789.739990234375
2016-09-22 00:00:00,804.7000122070312
2016-09-23 00:00:00,805.75
2016-09-26 00:00:00,799.1599731445312
2016-09-27 00:00:00,816.1099853515625
2016-09-28 00:00:00,828.719970703125
2016-09-29 00:00:00,829.0499877929688
2016-09-30 00:00:00,837.3099975585938
2016-10-03 00:00:00,836.739990234375
2016-10-04 00:00:00,834.030029296875
2016-10-05 00:00:00,844.3599853515625
2016-10-06 00:00:00,841.6599731445312
2016-10-07 00:00:00,839.4299926757812
2016-10-10 00:00:00,841.7100219726562
2016-10-11 00:00:00,831.0
2016-10-12 00:00:00,834.0900268554688
2016-10-13 00:00:00,829.280029296875
2016-10-14 00:00:00,822.9600219726562
2016-10-17 00:00:00,812.9500122070312
2016-10-18 00:00:00,817.6500244140625
2016-10-19 00:00:00,817.6900024414062
2016-10-20 00:00:00,810.3200073242188
2016-10-21 00:00:00,818.989990234375
2016-10-24 00:00:00,838.0900268554688
2016-10-25 00:00:00,835.1799926757812
2016-10-26 00:00:00,822.5900268554688
2016-10-27 00:00:00,818.3599853515625
2016-10-28 00:00:00,776.3200073242188
2016-10-31 00:00:00,789.8200073242188
2016-11-01 00:00:00,785.4099731445312
2016-11-02 00:00:00,765.5599975585938
2016-11-03 00:00:00,767.030029296875
2016-11-04 00:00:00,755.0499877929688
2016-11-07 00:00:00,784.9299926757812
2016-11-08 00:00:00,787.75
2016-11-09 00:00:00,771.8800048828125
2016-11-10 00:00:00,742.3800048828125
2016-11-11 00:00:00,739.010009765625
2016-11-14 00:00:00,719.0700073242188
2016-11-15 00:00:00,743.239990234375
2016-11-16 00:00:00,746.489990234375
2016-11-17 00:00:00,756.4000244140625
2016-11-18 00:00:00,760.1599731445312
2016-11-21 00:00:00,780.0
2016-11-22 00:00:00,785.3300170898438
2016-11-23 00:00:00,780.1199951171875
2016-11-25 00:00:00,780.3699951171875
2016-11-28 00:00:00,766.77001953125
2016-11-29 00:00:00,762.52001953125
2016-11-30 00:00:00,750.5700073242188
2016-12-01 00:00:00,743.6500244140625
2016-12-02 00:00:00,740.3400268554688
2016-12-05 00:00:00,759.3599853515625
2016-12-06 00:00:00,764.719970703125
2016-12-07 00:00:00,770.4199829101562
2016-12-08 00:00:00,767.3300170898438
2016-12-09 00:00:00,768.6599731445312
2016-12-12 00:00:00,760.1199951171875
2016-12-13 00:00:00,774.3400268554688
2016-12-14 00:00:00,768.8200073242188
2016-12-15 00:00:00,761.0
2016-12-16 00:00:00,757.77001953125
2016-12-19 00:00:00,766.0
2016-12-20 00:00:00,771.219970703125
2016-12-21 00:00:00,770.5999755859375
2016-12-22 00:00:00,766.3400268554688
2016-12-23 00:00:00,760.5900268554688
2016-12-27 00:00:00,771.4000244140625
2016-12-28 00:00:00,772.1300048828125
2016-12-29 00:00:00,765.1500244140625
2016-12-30 00:00:00,749.8699951171875
2017-01-03 00:00:00,753.6699829101562
2017-01-04 00:00:00,757.1799926757812
2017-01-05 00:00:00,780.4500122070312
2017-01-06 00:00:00,795.989990234375
2017-01-09 00:00:00,796.9199829101562
2017-01-10 00:00:00,795.9000244140625
2017-01-11 00:00:00,799.02001953125
2017-01-12 00:00:00,813.6400146484375
2017-01-13 00:00:00,817.1400146484375
2017-01-17 00:00:00,809.719970703125
2017-01-18 00:00:00,807.47998046875
2017-01-19 00:00:00,809.0399780273438
2017-01-20 00:00:00,808.3300170898438
2017-01-23 00:00:00,817.8800048828125
2017-01-24 00:00:00,822.4400024414062
2017-01-25 00:00:00,836.52001953125
2017-01-26 00:00:00,839.1500244140625
2017-01-27 00:00:00,835.77001953125
2017-01-30 00:00:00,830.3800048828125
2017-01-31 00:00:00,823.47998046875
2017-02-01 00:00:00,832.3499755859375
2017-02-02 00:00:00,839.9500122070312
2017-02-03 00:00:00,810.2000122070312
2017-02-06 00:00:00,807.6400146484375
2017-02-07 00:00:00,812.5
2017-02-08 00:00:00,819.7100219726562
2017-02-09 00:00:00,821.3599853515625
2017-02-10 00:00:00,827.4600219726562
2017-02-13 00:00:00,836.530029296875
2017-02-14 00:00:00,836.3900146484375
2017-02-15 00:00:00,842.7000122070312
2017-02-16 00:00:00,844.1400146484375
2017-02-17 00:00:00,845.0700073242188
2017-02-21 00:00:00,856.4400024414062
2017-02-22 00:00:00,855.6099853515625
2017-02-23 00:00:00,852.1900024414062
2017-02-24 00:00:00,845.239990234375
2017-02-27 00:00:00,848.6400146484375
2017-02-28 00:00:00,845.0399780273438
2017-03-01 00:00:00,853.0800170898438
2017-03-02 00:00:00,848.9099731445312
2017-03-03 00:00:00,849.8800048828125
2017-03-06 00:00:00,846.6099853515625
2017-03-07 00:00:00,846.02001953125
2017-03-08 00:00:00,850.5
2017-03-09 00:00:00,853.0
2017-03-10 00:00:00,852.4600219726562
2017-03-13 00:00:00,854.5900268554688
2017-03-14 00:00:00,852.530029296875
2017-03-15 00:00:00,852.969970703125
2017-03-16 00:00:00,853.4199829101562
2017-03-17 00:00:00,852.3099975585938
2017-03-20 00:00:00,856.969970703125
2017-03-21 00:00:00,843.2000122070312
2017-03-22 00:00:00,848.0599975585938
2017-03-23 00:00:00,847.3800048828125
2017-03-24 00:00:00,845.6099853515625
2017-03-27 00:00:00,846.8200073242188
2017-03-28 00:00:00,856.0
2017-03-29 00:00:00,874.3200073242188
2017-03-30 00:00:00,876.3400268554688
2017-03-31 00:00:00,886.5399780273438
2017-04-03 00:00:00,891.510009765625
2017-04-04 00:00:00,906.8300170898438
2017-04-05 00:00:00,909.280029296875
2017-04-06 00:00:00,898.280029296875
2017-04-07 00:00:00,894.8800048828125
2017-04-10 00:00:00,907.0399780273438
2017-04-11 00:00:00,902.3599853515625
2017-04-12 00:00:00,896.22998046875
2017-04-13 00:00:00,884.6699829101562
2017-04-17 00:00:00,901.989990234375
2017-04-18 00:00:00,903.780029296875
2017-04-19 00:00:00,899.2000122070312
2017-04-20 00:00:00,902.0599975585938
2017-04-21 00:00:00,898.530029296875
2017-04-24 00:00:00,907.4099731445312
2017-04-25 00:00:00,907.6199951171875
2017-04-26 00:00:00,909.2899780273438
2017-04-27 00:00:00,918.3800048828125
2017-04-28 00:00:00,924.989990234375
2017-05-01 00:00:00,948.22998046875
2017-05-02 00:00:00,946.9400024414062
2017-05-03 00:00:00,941.030029296875
2017-05-04 00:00:00,937.530029296875
2017-05-05 00:00:00,934.1500244140625
2017-05-08 00:00:00,949.0399780273438
2017-05-09 00:00:00,952.8200073242188
2017-05-10 00:00:00,948.9500122070312
2017-05-11 00:00:00,947.6199951171875
2017-05-12 00:00:00,961.3499755859375
2017-05-15 00:00:00,957.969970703125
2017-05-16 00:00:00,966.0700073242188
2017-05-17 00:00:00,944.760009765625
2017-05-18 00:00:00,958.489990234375
2017-05-19 00:00:00,959.8400268554688
2017-05-22 00:00:00,970.6699829101562
2017-05-23 00:00:00,971.5399780273438
2017-05-24 00:00:00,980.3499755859375
2017-05-25 00:00:00,993.3800048828125
2017-05-26 00:00:00,995.780029296875
2017-05-30 00:00:00,996.7000122070312
2017-05-31 00:00:00,994.6199951171875
2017-06-01 00:00:00,995.9500122070312
2017-06-02 00:00:00,1006.72998046875
2017-06-05 00:00:00,1011.3400268554688
2017-06-06 00:00:00,1003.0
2017-06-07 00:00:00,1010.0700073242188
2017-06-08 00:00:00,1010.27001953125
2017-06-09 00:00:00,978.3099975585938
2017-06-12 00:00:00,964.9099731445312
2017-06-13 00:00:00,980.7899780273438
2017-06-14 00:00:00,976.469970703125
2017-06-15 00:00:00,964.1699829101562
2017-06-16 00:00:00,987.7100219726562
2017-06-19 00:00:00,995.1699829101562
2017-06-20 00:00:00,992.5900268554688
2017-06-21 00:00:00,1002.22998046875
2017-06-22 00:00:00,1001.2999877929688
2017-06-23 00:00:00,1003.739990234375
2017-06-26 00:00:00,993.97998046875
2017-06-27 00:00:00,976.780029296875
2017-06-28 00:00:00,990.3300170898438
2017-06-29 00:00:00,975.9299926757812
2017-06-30 00:00:00,968.0
2017-07-03 00:00:00,953.6599731445312
2017-07-05 00:00:00,971.4000244140625
2017-07-06 00:00:00,965.1400146484375
2017-07-07 00:00:00,978.760009765625
2017-07-10 00:00:00,996.469970703125
2017-07-11 00:00:00,994.1300048828125
2017-07-12 00:00:00,1006.510009765625
2017-07-13 00:00:00,1000.6300048828125
2017-07-14 00:00:00,1001.8099975585938
2017-07-17 00:00:00,1010.0399780273438
2017-07-18 00:00:00,1024.449951171875
2017-07-19 00:00:00,1026.8699951171875
2017-07-20 00:00:00,1028.699951171875
2017-07-21 00:00:00,1025.6700439453125
2017-07-24 00:00:00,1038.949951171875
2017-07-25 00:00:00,1039.8699951171875
2017-07-26 00:00:00,1052.800048828125
2017-07-27 00:00:00,1046.0
2017-07-28 00:00:00,1020.0399780273438
2017-07-31 00:00:00,987.780029296875
2017-08-01 00:00:00,996.1900024414062
2017-08-02 00:00:00,995.8900146484375
2017-08-03 00:00:00,986.9199829101562
2017-08-04 00:00:00,987.5800170898438
2017-08-07 00:00:00,992.27001953125
2017-08-08 00:00:00,989.8400268554688
2017-08-09 00:00:00,982.010009765625
2017-08-10 00:00:00,956.9199829101562
2017-08-11 00:00:00,967.989990234375
2017-08-14 00:00:00,983.2999877929688
2017-08-15 00:00:00,982.739990234375
2017-08-16 00:00:00,978.1799926757812
2017-08-17 00:00:00,960.5700073242188
2017-08-18 00:00:00,958.469970703125
2017-08-21 00:00:00,953.2899780273438
2017-08-22 00:00:00,966.9000244140625
2017-08-23 00:00:00,958.0
2017-08-24 00:00:00,952.4500122070312
2017-08-25 00:00:00,945.260009765625
2017-08-28 00:00:00,946.02001953125
2017-08-29 00:00:00,954.0599975585938
2017-08-30 00:00:00,967.5900268554688
2017-08-31 00:00:00,980.5999755859375
2017-09-01 00:00:00,978.25
2017-09-05 00:00:00,965.27001953125
2017-09-06 00:00:00,967.7999877929688
2017-09-07 00:00:00,979.469970703125
2017-09-08 00:00:00,965.9000244140625
2017-09-11 00:00:00,977.9600219726562
2017-09-12 00:00:00,982.5800170898438
2017-09-13 00:00:00,999.5999755859375
2017-09-14 00:00:00,992.2100219726562
2017-09-15 00:00:00,986.7899780273438
2017-09-18 00:00:00,974.1900024414062
2017-09-19 00:00:00,969.8599853515625
2017-09-20 00:00:00,973.2100219726562
2017-09-21 00:00:00,964.6500244140625
2017-09-22 00:00:00,955.0999755859375
2017-09-25 00:00:00,939.7899780273438
2017-09-26 00:00:00,938.5999755859375
2017-09-27 00:00:00,950.8699951171875
2017-09-28 00:00:00,956.4000244140625
2017-09-29 00:00:00,961.3499755859375
2017-10-02 00:00:00,959.1900024414062
2017-10-03 00:00:00,957.0999755859375
2017-10-04 00:00:00,965.4500122070312
2017-10-05 00:00:00,980.8499755859375
2017-10-06 00:00:00,989.5800170898438
2017-10-09 00:00:00,990.989990234375
2017-10-10 00:00:00,987.2000122070312
2017-10-11 00:00:00,995.0
2017-10-12 00:00:00,1000.9299926757812
2017-10-13 00:00:00,1002.9400024414062
2017-10-16 00:00:00,1006.3400268554688
2017-10-17 00:00:00,1009.1300048828125
2017-10-18 00:00:00,997.0
2017-10-19 00:00:00,986.6099853515625
2017-10-20 00:00:00,982.9099731445312
2017-10-23 00:00:00,966.2999877929688
2017-10-24 00:00:00,975.9000244140625
2017-10-25 00:00:00,972.9099731445312
2017-10-26 00:00:00,972.4299926757812
2017-10-27 00:00:00,1100.949951171875
2017-10-30 00:00:00,1110.8499755859375
2017-10-31 00:00:00,1105.280029296875
2017-11-01 00:00:00,1103.6800537109375
2017-11-02 00:00:00,1094.219970703125
2017-11-03 00:00:00,1111.5999755859375
2017-11-06 00:00:00,1120.6600341796875
2017-11-07 00:00:00,1123.1700439453125
2017-11-08 00:00:00,1132.8800048828125
2017-11-09 00:00:00,1129.1300048828125
2017-11-10 00:00:00,1125.3499755859375
2017-11-13 00:00:00,1129.1700439453125
2017-11-14 00:00:00,1136.8399658203125
2017-11-15 00:00:00,1126.68994140625
2017-11-16 00:00:00,1137.2900390625
2017-11-17 00:00:00,1129.8800048828125
2017-11-20 00:00:00,1126.31005859375
2017-11-21 00:00:00,1139.489990234375
2017-11-22 00:00:00,1156.1600341796875
2017-11-24 00:00:00,1186.0
2017-11-27 00:00:00,1195.8299560546875
2017-11-28 00:00:00,1193.5999755859375
2017-11-29 00:00:00,1161.27001953125
2017-11-30 00:00:00,1176.75
2017-12-01 00:00:00,1162.3499755859375
2017-12-04 00:00:00,1133.949951171875
2017-12-05 00:00:00,1141.5699462890625
2017-12-06 00:00:00,1152.3499755859375
2017-12-07 00:00:00,1159.7900390625
2017-12-08 00:00:00,1162.0
2017-12-11 00:00:00,1168.9200439453125
2017-12-12 00:00:00,1165.0799560546875
2017-12-13 00:00:00,1164.1300048828125
2017-12-14 00:00:00,1174.260009765625
2017-12-15 00:00:00,1179.1400146484375
2017-12-18 00:00:00,1190.5799560546875
2017-12-19 00:00:00,1187.3800048828125
2017-12-20 00:00:00,1177.6199951171875
2017-12-21 00:00:00,1174.760009765625
2017-12-22 00:00:00,1168.3599853515625
2017-12-26 00:00:00,1176.760009765625
2017-12-27 00:00:00,1182.260009765625
2017-12-28 00:00:00,1186.0999755859375
2017-12-29 00:00:00,1169.469970703125
2018-01-02 00:00:00,1189.010009765625
2018-01-03 00:00:00,1204.199951171875
2018-01-04 00:00:00,1209.5899658203125
2018-01-05 00:00:00,1229.1400146484375
2018-01-08 00:00:00,1246.8699951171875
2018-01-09 00:00:00,1252.699951171875
2018-01-10 00:00:00,1254.3299560546875
2018-01-11 00:00:00,1276.6800537109375
2018-01-12 00:00:00,1305.199951171875
2018-01-16 00:00:00,1304.8599853515625
2018-01-17 00:00:00,1295.0
2018-01-18 00:00:00,1293.3199462890625
2018-01-19 00:00:00,1294.5799560546875
2018-01-22 00:00:00,1327.31005859375
2018-01-23 00:00:00,1362.5400390625
2018-01-24 00:00:00,1357.510009765625
2018-01-25 00:00:00,1377.949951171875
2018-01-26 00:00:00,1402.050048828125
2018-01-29 00:00:00,1417.6800537109375
2018-01-30 00:00:00,1437.8199462890625
2018-01-31 00:00:00,1450.8900146484375
2018-02-01 00:00:00,1390.0
2018-02-02 00:00:00,1429.949951171875
2018-02-05 00:00:00,1390.0
2018-02-06 00:00:00,1442.8399658203125
2018-02-07 00:00:00,1416.780029296875
2018-02-08 00:00:00,1350.5
2018-02-09 00:00:00,1339.5999755859375
2018-02-12 00:00:00,1386.22998046875
2018-02-13 00:00:00,1414.510009765625
2018-02-14 00:00:00,1451.050048828125
2018-02-15 00:00:00,1461.760009765625
2018-02-16 00:00:00,1448.68994140625
2018-02-20 00:00:00,1468.3499755859375
2018-02-21 00:00:00,1482.9200439453125
2018-02-22 00:00:00,1485.3399658203125
2018-02-23 00:00:00,1500.0
2018-02-26 00:00:00,1521.949951171875
2018-02-27 00:00:00,1511.97998046875
2018-02-28 00:00:00,1512.449951171875
2018-03-01 00:00:00,1493.449951171875
2018-03-02 00:00:00,1500.25
2018-03-05 00:00:00,1523.6099853515625
2018-03-06 00:00:00,1537.6400146484375
2018-03-07 00:00:00,1545.0
2018-03-08 00:00:00,1551.8599853515625
2018-03-09 00:00:00,1578.8900146484375
2018-03-12 00:00:00,1598.3900146484375
2018-03-13 00:00:00,1588.1800537109375
2018-03-14 00:00:00,1591.0
2018-03-15 00:00:00,1582.3199462890625
2018-03-16 00:00:00,1571.6800537109375
2018-03-19 00:00:00,1544.9300537109375
2018-03-20 00:00:00,1586.510009765625
2018-03-21 00:00:00,1581.8599853515625
2018-03-22 00:00:00,1544.9200439453125
2018-03-23 00:00:00,1495.56005859375
2018-03-26 00:00:00,1555.8599853515625
2018-03-27 00:00:00,1497.050048828125
2018-03-28 00:00:00,1431.4200439453125
2018-03-29 00:00:00,1447.3399658203125
2018-04-02 00:00:00,1371.989990234375
2018-04-03 00:00:00,1392.050048828125
2018-04-04 00:00:00,1410.5699462890625
2018-04-05 00:00:00,1451.75
2018-04-06 00:00:00,1405.22998046875
2018-04-09 00:00:00,1406.0799560546875
2018-04-10 00:00:00,1436.219970703125
2018-04-11 00:00:00,1427.050048828125
2018-04-12 00:00:00,1448.5
2018-04-13 00:00:00,1430.7900390625
2018-04-16 00:00:00,1441.5
2018-04-17 00:00:00,1503.8299560546875
2018-04-18 00:00:00,1527.8399658203125
2018-04-19 00:00:00,1556.9100341796875
2018-04-20 00:00:00,1527.489990234375
2018-04-23 00:00:00,1517.8599853515625
2018-04-24 00:00:00,1460.0899658203125
2018-04-25 00:00:00,1460.1700439453125
2018-04-26 00:00:00,1517.9599609375
2018-04-27 00:00:00,1572.6199951171875
2018-04-30 00:00:00,1566.1300048828125
2018-05-01 00:00:00,1582.260009765625
2018-05-02 00:00:00,1569.6800537109375
2018-05-03 00:00:00,1572.0799560546875
2018-05-04 00:00:00,1580.949951171875
2018-05-07 00:00:00,1600.1400146484375
2018-05-08 00:00:00,1592.3900146484375
2018-05-09 00:00:00,1608.0
2018-05-10 00:00:00,1609.0799560546875
2018-05-11 00:00:00,1602.9100341796875
2018-05-14 00:00:00,1601.5400390625
2018-05-15 00:00:00,1576.1199951171875
2018-05-16 00:00:00,1587.280029296875
2018-05-17 00:00:00,1581.760009765625
2018-05-18 00:00:00,1574.3699951171875
2018-05-21 00:00:00,1585.4599609375
2018-05-22 00:00:00,1581.4000244140625
2018-05-23 00:00:00,1601.8599853515625
2018-05-24 00:00:00,1603.0699462890625
2018-05-25 00:00:00,1610.1500244140625
2018-05-29 00:00:00,1612.8699951171875
2018-05-30 00:00:00,1624.8900146484375
2018-05-31 00:00:00,1629.6199951171875
2018-06-01 00:00:00,1641.5400390625
2018-06-04 00:00:00,1665.27001953125
2018-06-05 00:00:00,1696.3499755859375
2018-06-06 00:00:00,1695.75
2018-06-07 00:00:00,1689.300048828125
2018-06-08 00:00:00,1683.989990234375
2018-06-11 00:00:00,1689.1199951171875
2018-06-12 00:00:00,1698.75
2018-06-13 00:00:00,1704.8599853515625
2018-06-14 00:00:00,1723.8599853515625
2018-06-15 00:00:00,1715.969970703125
2018-06-18 00:00:00,1723.7900390625
2018-06-19 00:00:00,1734.780029296875
2018-06-20 00:00:00,1750.0799560546875
2018-06-21 00:00:00,1730.219970703125
2018-06-22 00:00:00,1715.6700439453125
2018-06-25 00:00:00,1663.1500244140625
2018-06-26 00:00:00,1691.0899658203125
2018-06-27 00:00:00,1660.510009765625
2018-06-28 00:00:00,1701.449951171875
2018-06-29 00:00:00,1699.800048828125
2018-07-02 00:00:00,1713.780029296875
2018-07-03 00:00:00,1693.9599609375
2018-07-05 00:00:00,1699.72998046875
2018-07-06 00:00:00,1710.6300048828125
2018-07-09 00:00:00,1739.02001953125
2018-07-10 00:00:00,1743.0699462890625
2018-07-11 00:00:00,1755.0
2018-07-12 00:00:00,1796.6199951171875
2018-07-13 00:00:00,1813.030029296875
2018-07-16 00:00:00,1822.489990234375
2018-07-17 00:00:00,1843.9300537109375
2018-07-18 00:00:00,1842.9200439453125
2018-07-19 00:00:00,1812.969970703125
2018-07-20 00:00:00,1813.699951171875
2018-07-23 00:00:00,1802.0
2018-07-24 00:00:00,1829.239990234375
2018-07-25 00:00:00,1863.6099853515625
2018-07-26 00:00:00,1808.0
2018-07-27 00:00:00,1817.27001953125
2018-07-30 00:00:00,1779.219970703125
2018-07-31 00:00:00,1777.43994140625
2018-08-01 00:00:00,1797.1700439453125
2018-08-02 00:00:00,1834.3299560546875
2018-08-03 00:00:00,1823.2900390625
2018-08-06 00:00:00,1847.75
2018-08-07 00:00:00,1862.47998046875
2018-08-08 00:00:00,1886.52001953125
2018-08-09 00:00:00,1898.52001953125
2018-08-10 00:00:00,1886.300048828125
2018-08-13 00:00:00,1896.199951171875
2018-08-14 00:00:00,1919.6500244140625
2018-08-15 00:00:00,1882.6199951171875
2018-08-16 00:00:00,1886.52001953125
2018-08-17 00:00:00,1882.219970703125
2018-08-20 00:00:00,1876.7099609375
2018-08-21 00:00:00,1883.4200439453125
2018-08-22 00:00:00,1904.9000244140625
2018-08-23 00:00:00,1902.9000244140625
2018-08-24 00:00:00,1905.3900146484375
2018-08-27 00:00:00,1927.6800537109375
2018-08-28 00:00:00,1932.8199462890625
2018-08-29 00:00:00,1998.0999755859375
2018-08-30 00:00:00,2002.3800048828125
2018-08-31 00:00:00,2012.7099609375
2018-09-04 00:00:00,2039.510009765625
2018-09-05 00:00:00,1994.8199462890625
2018-09-06 00:00:00,1958.31005859375
2018-09-07 00:00:00,1952.0699462890625
2018-09-10 00:00:00,1939.010009765625
2018-09-11 00:00:00,1987.1500244140625
2018-09-12 00:00:00,1990.0
2018-09-13 00:00:00,1989.8699951171875
2018-09-14 00:00:00,1970.18994140625
2018-09-17 00:00:00,1908.030029296875
2018-09-18 00:00:00,1941.050048828125
2018-09-19 00:00:00,1926.4200439453125
2018-09-20 00:00:00,1944.300048828125
2018-09-21 00:00:00,1915.010009765625
2018-09-24 00:00:00,1934.3599853515625
2018-09-25 00:00:00,1974.550048828125
2018-09-26 00:00:00,1974.8499755859375
2018-09-27 00:00:00,2012.97998046875
2018-09-28 00:00:00,2003.0
2018-10-01 00:00:00,2004.3599853515625
2018-10-02 00:00:00,1971.31005859375
2018-10-03 00:00:00,1952.760009765625
2018-10-04 00:00:00,1909.4200439453125
2018-10-05 00:00:00,1889.6500244140625
2018-10-08 00:00:00,1864.4200439453125
2018-10-09 00:00:00,1870.3199462890625
2018-10-10 00:00:00,1755.25
2018-10-11 00:00:00,1719.3599853515625
2018-10-12 00:00:00,1788.6099853515625
2018-10-15 00:00:00,1760.949951171875
2018-10-16 00:00:00,1819.9599609375
2018-10-17 00:00:00,1831.72998046875
2018-10-18 00:00:00,1770.719970703125
2018-10-19 00:00:00,1764.030029296875
2018-10-22 00:00:00,1789.300048828125
2018-10-23 00:00:00,1768.699951171875
2018-10-24 00:00:00,1664.199951171875
2018-10-25 00:00:00,1782.1700439453125
2018-10-26 00:00:00,1642.81005859375
2018-10-29 00:00:00,1538.8800048828125
2018-10-30 00:00:00,1530.4200439453125
2018-10-31 00:00:00,1598.010009765625
2018-11-01 00:00:00,1665.530029296875
2018-11-02 00:00:00,1665.530029296875
2018-11-05 00:00:00,1627.800048828125
2018-11-06 00:00:00,1642.81005859375
2018-11-07 00:00:00,1755.489990234375
2018-11-08 00:00:00,1754.9100341796875
2018-11-09 00:00:00,1712.4300537109375
2018-11-12 00:00:00,1636.8499755859375
2018-11-13 00:00:00,1631.1700439453125
2018-11-14 00:00:00,1599.010009765625
2018-11-15 00:00:00,1619.43994140625
2018-11-16 00:00:00,1593.4100341796875
2018-11-19 00:00:00,1512.2900390625
2018-11-20 00:00:00,1495.4599609375
2018-11-21 00:00:00,1516.72998046875
2018-11-23 00:00:00,1502.06005859375
2018-11-26 00:00:00,1581.3299560546875
2018-11-27 00:00:00,1581.4200439453125
2018-11-28 00:00:00,1677.75
2018-11-29 00:00:00,1673.5699462890625
2018-11-30 00:00:00,1690.1700439453125
2018-12-03 00:00:00,1772.3599853515625
2018-12-04 00:00:00,1668.4000244140625
2018-12-06 00:00:00,1699.18994140625
2018-12-07 00:00:00,1629.1300048828125
2018-12-10 00:00:00,1641.030029296875
2018-12-11 00:00:00,1643.239990234375
2018-12-12 00:00:00,1663.5400390625
2018-12-13 00:00:00,1658.3800048828125
2018-12-14 00:00:00,1591.9100341796875
2018-12-17 00:00:00,1520.9100341796875
2018-12-18 00:00:00,1551.47998046875
2018-12-19 00:00:00,1495.0799560546875
2018-12-20 00:00:00,1460.8299560546875
2018-12-21 00:00:00,1377.449951171875
2018-12-24 00:00:00,1343.9599609375
2018-12-26 00:00:00,1470.9000244140625
2018-12-27 00:00:00,1461.6400146484375
2018-12-28 00:00:00,1478.02001953125
2018-12-31 00:00:00,1501.969970703125
2019-01-02 00:00:00,1539.1300048828125
2019-01-03 00:00:00,1500.280029296875
2019-01-04 00:00:00,1575.3900146484375
2019-01-07 00:00:00,1629.510009765625
2019-01-08 00:00:00,1656.5799560546875
2019-01-09 00:00:00,1659.4200439453125
2019-01-10 00:00:00,1656.219970703125
2019-01-11 00:00:00,1640.56005859375
2019-01-14 00:00:00,1617.2099609375
2019-01-15 00:00:00,1674.56005859375
2019-01-16 00:00:00,1683.780029296875
2019-01-17 00:00:00,1693.219970703125
2019-01-18 00:00:00,1696.199951171875
2019-01-22 00:00:00,1632.1700439453125
2019-01-23 00:00:00,1640.02001953125
2019-01-24 00:00:00,1654.9300537109375
2019-01-25 00:00:00,1670.5699462890625
2019-01-28 00:00:00,1637.8900146484375
2019-01-29 00:00:00,1593.8800048828125
2019-01-30 00:00:00,1670.4300537109375
2019-01-31 00:00:00,1718.72998046875
2019-02-01 00:00:00,1626.22998046875
2019-02-04 00:00:00,1633.31005859375
2019-02-05 00:00:00,1658.81005859375
2019-02-06 00:00:00,1640.260009765625
2019-02-07 00:00:00,1614.3699951171875
2019-02-08 00:00:00,1588.219970703125
2019-02-11 00:00:00,1591.0
2019-02-12 00:00:00,1638.010009765625
2019-02-13 00:00:00,1640.0
2019-02-14 00:00:00,1622.6500244140625
2019-02-15 00:00:00,1607.949951171875
2019-02-19 00:00:00,1627.5799560546875
2019-02-20 00:00:00,1622.0999755859375
2019-02-21 00:00:00,1619.43994140625
2019-02-22 00:00:00,1631.56005859375
2019-02-25 00:00:00,1633.0
2019-02-26 00:00:00,1636.4000244140625
2019-02-27 00:00:00,1641.0899658203125
2019-02-28 00:00:00,1639.8299560546875
2019-03-01 00:00:00,1671.72998046875
2019-03-04 00:00:00,1696.1700439453125
2019-03-05 00:00:00,1692.4300537109375
2019-03-06 00:00:00,1668.949951171875
2019-03-07 00:00:00,1625.949951171875
2019-03-08 00:00:00,1620.800048828125
2019-03-11 00:00:00,1670.6199951171875
2019-03-12 00:00:00,1673.0999755859375
2019-03-13 00:00:00,1690.81005859375
2019-03-14 00:00:00,1686.219970703125
2019-03-15 00:00:00,1712.3599853515625
2019-03-18 00:00:00,1742.1500244140625
2019-03-19 00:00:00,1761.8499755859375
2019-03-20 00:00:00,1797.27001953125
2019-03-21 00:00:00,1819.260009765625
2019-03-22 00:00:00,1764.77001953125
2019-03-25 00:00:00,1774.260009765625
2019-03-26 00:00:00,1783.760009765625
2019-03-27 00:00:00,1765.699951171875
2019-03-28 00:00:00,1773.4200439453125
2019-03-29 00:00:00,1780.75
2019-04-01 00:00:00,1814.18994140625
2019-04-02 00:00:00,1813.97998046875
2019-04-03 00:00:00,1820.699951171875
2019-04-04 00:00:00,1818.8599853515625
2019-04-05 00:00:00,1837.280029296875
2019-04-08 00:00:00,1849.8599853515625
2019-04-09 00:00:00,1835.8399658203125
2019-04-10 00:00:00,1847.3299560546875
2019-04-11 00:00:00,1844.0699462890625
2019-04-12 00:00:00,1843.06005859375
2019-04-15 00:00:00,1844.8699951171875
2019-04-16 00:00:00,1863.0400390625
2019-04-17 00:00:00,1864.8199462890625
2019-04-18 00:00:00,1861.68994140625
2019-04-22 00:00:00,1887.31005859375
2019-04-23 00:00:00,1923.77001953125
2019-04-24 00:00:00,1901.75
2019-04-25 00:00:00,1902.25
2019-04-26 00:00:00,1950.6300048828125
2019-04-29 00:00:00,1938.4300537109375
2019-04-30 00:00:00,1926.52001953125
2019-05-01 00:00:00,1911.52001953125
2019-05-02 00:00:00,1900.8199462890625
2019-05-03 00:00:00,1962.4599609375
2019-05-06 00:00:00,1950.550048828125
2019-05-07 00:00:00,1921.0
2019-05-08 00:00:00,1917.77001953125
2019-05-09 00:00:00,1899.8699951171875
2019-05-10 00:00:00,1889.97998046875
2019-05-13 00:00:00,1822.6800537109375
2019-05-14 00:00:00,1840.1199951171875
2019-05-15 00:00:00,1871.1500244140625
2019-05-16 00:00:00,1907.5699462890625
2019-05-17 00:00:00,1869.0
2019-05-20 00:00:00,1858.969970703125
2019-05-21 00:00:00,1857.52001953125
2019-05-22 00:00:00,1859.6800537109375
2019-05-23 00:00:00,1815.47998046875
2019-05-24 00:00:00,1823.280029296875
2019-05-28 00:00:00,1836.4300537109375
2019-05-29 00:00:00,1819.18994140625
2019-05-30 00:00:00,1816.3199462890625
2019-05-31 00:00:00,1775.0699462890625
2019-06-03 00:00:00,1692.68994140625
2019-06-04 00:00:00,1729.56005859375
2019-06-05 00:00:00,1738.5
2019-06-06 00:00:00,1754.3599853515625
2019-06-07 00:00:00,1804.030029296875
2019-06-10 00:00:00,1860.6300048828125
2019-06-11 00:00:00,1863.699951171875
2019-06-12 00:00:00,1855.3199462890625
2019-06-13 00:00:00,1870.300048828125
2019-06-14 00:00:00,1869.6700439453125
2019-06-17 00:00:00,1886.030029296875
2019-06-18 00:00:00,1901.3699951171875
2019-06-19 00:00:00,1908.7900390625
2019-06-20 00:00:00,1918.18994140625
2019-06-21 00:00:00,1911.300048828125
2019-06-24 00:00:00,1913.9000244140625
2019-06-25 00:00:00,1878.27001953125
2019-06-26 00:00:00,1897.8299560546875
2019-06-27 00:00:00,1904.280029296875
2019-06-28 00:00:00,1893.6300048828125
2019-07-01 00:00:00,1922.18994140625
2019-07-02 00:00:00,1934.31005859375
2019-07-03 00:00:00,1939.0
2019-07-05 00:00:00,1942.9100341796875
2019-07-08 00:00:00,1952.3199462890625
2019-07-09 00:00:00,1988.300048828125
2019-07-10 00:00:00,2017.4100341796875
2019-07-11 00:00:00,2001.0699462890625
2019-07-12 00:00:00,2011.0
2019-07-15 00:00:00,2020.989990234375
2019-07-16 00:00:00,2009.9000244140625
2019-07-17 00:00:00,1992.030029296875
2019-07-18 00:00:00,1977.9000244140625
2019-07-19 00:00:00,1964.52001953125
2019-07-22 00:00:00,1985.6300048828125
2019-07-23 00:00:00,1994.489990234375
2019-07-24 00:00:00,2000.81005859375
2019-07-25 00:00:00,1973.8199462890625
2019-07-26 00:00:00,1943.050048828125
2019-07-29 00:00:00,1912.449951171875
2019-07-30 00:00:00,1898.530029296875
2019-07-31 00:00:00,1866.780029296875
2019-08-01 00:00:00,1855.3199462890625
2019-08-02 00:00:00,1823.239990234375
2019-08-05 00:00:00,1765.1300048828125
2019-08-06 00:00:00,1787.8299560546875
2019-08-07 00:00:00,1793.4000244140625
2019-08-08 00:00:00,1832.8900146484375
2019-08-09 00:00:00,1807.5799560546875
2019-08-12 00:00:00,1784.9200439453125
2019-08-13 00:00:00,1824.3399658203125
2019-08-14 00:00:00,1762.9599609375
2019-08-15 00:00:00,1776.1199951171875
2019-08-16 00:00:00,1792.5699462890625
2019-08-19 00:00:00,1816.1199951171875
2019-08-20 00:00:00,1801.3800048828125
2019-08-21 00:00:00,1823.5400390625
2019-08-22 00:00:00,1804.6600341796875
2019-08-23 00:00:00,1749.6199951171875
2019-08-26 00:00:00,1768.8699951171875
2019-08-27 00:00:00,1761.8299560546875
2019-08-28 00:00:00,1764.25
2019-08-29 00:00:00,1786.4000244140625
2019-08-30 00:00:00,1776.2900390625
2019-09-03 00:00:00,1789.8399658203125
2019-09-04 00:00:00,1800.6199951171875
2019-09-05 00:00:00,1840.719970703125
2019-09-06 00:00:00,1833.510009765625
2019-09-09 00:00:00,1831.3499755859375
2019-09-10 00:00:00,1820.550048828125
2019-09-11 00:00:00,1822.989990234375
2019-09-12 00:00:00,1843.550048828125
2019-09-13 00:00:00,1839.3399658203125
2019-09-16 00:00:00,1807.8399658203125
2019-09-17 00:00:00,1822.550048828125
2019-09-18 00:00:00,1817.4599609375
2019-09-19 00:00:00,1821.5
2019-09-20 00:00:00,1794.1600341796875
2019-09-23 00:00:00,1785.300048828125
2019-09-24 00:00:00,1741.6099853515625
2019-09-25 00:00:00,1768.3299560546875
2019-09-26 00:00:00,1739.8399658203125
2019-09-27 00:00:00,1725.449951171875
2019-09-30 00:00:00,1735.9100341796875
2019-10-01 00:00:00,1735.6500244140625
2019-10-02 00:00:00,1713.22998046875
2019-10-03 00:00:00,1724.4200439453125
2019-10-04 00:00:00,1739.6500244140625
2019-10-07 00:00:00,1732.6600341796875
2019-10-08 00:00:00,1705.510009765625
2019-10-09 00:00:00,1721.989990234375
2019-10-10 00:00:00,1720.260009765625
2019-10-11 00:00:00,1731.9200439453125
2019-10-14 00:00:00,1736.4300537109375
2019-10-15 00:00:00,1767.3800048828125
2019-10-16 00:00:00,1777.4300537109375
2019-10-17 00:00:00,1787.47998046875
2019-10-18 00:00:00,1757.510009765625
2019-10-21 00:00:00,1785.6600341796875
2019-10-22 00:00:00,1765.72998046875
2019-10-23 00:00:00,1762.1700439453125
2019-10-24 00:00:00,1780.780029296875
2019-10-25 00:00:00,1761.3299560546875
2019-10-28 00:00:00,1777.0799560546875
2019-10-29 00:00:00,1762.7099609375
2019-10-30 00:00:00,1779.989990234375
2019-10-31 00:00:00,1776.6600341796875
2019-11-01 00:00:00,1791.43994140625
2019-11-04 00:00:00,1804.6600341796875
2019-11-05 00:00:00,1801.7099609375
2019-11-06 00:00:00,1795.77001953125
2019-11-07 00:00:00,1788.199951171875
2019-11-08 00:00:00,1785.8800048828125
2019-11-11 00:00:00,1771.6500244140625
2019-11-12 00:00:00,1778.0
2019-11-13 00:00:00,1753.1099853515625
2019-11-14 00:00:00,1754.5999755859375
2019-11-15 00:00:00,1739.489990234375
2019-11-18 00:00:00,1752.530029296875
2019-11-19 00:00:00,1752.7900390625
2019-11-20 00:00:00,1745.530029296875
2019-11-21 00:00:00,1734.7099609375
2019-11-22 00:00:00,1745.719970703125
2019-11-25 00:00:00,1773.8399658203125
2019-11-26 00:00:00,1796.93994140625
2019-11-27 00:00:00,1818.510009765625
2019-11-29 00:00:00,1800.800048828125
2019-12-02 00:00:00,1781.5999755859375
2019-12-03 00:00:00,1769.9599609375
2019-12-04 00:00:00,1760.68994140625
2019-12-05 00:00:00,1740.47998046875
2019-12-06 00:00:00,1751.5999755859375
2019-12-09 00:00:00,1749.510009765625
2019-12-10 00:00:00,1739.2099609375
2019-12-11 00:00:00,1748.719970703125
2019-12-12 00:00:00,1760.3299560546875
2019-12-13 00:00:00,1760.93994140625
2019-12-16 00:00:00,1769.2099609375
2019-12-17 00:00:00,1790.6600341796875
2019-12-18 00:00:00,1784.030029296875
2019-12-19 00:00:00,1792.280029296875
2019-12-20 00:00:00,1786.5
2019-12-23 00:00:00,1793.0
2019-12-24 00:00:00,1789.2099609375
2019-12-26 00:00:00,1868.77001953125
2019-12-27 00:00:00,1869.800048828125
2019-12-30 00:00:00,1846.8900146484375
2019-12-31 00:00:00,1847.8399658203125
2020-01-02 00:00:00,1898.010009765625
2020-01-03 00:00:00,1874.969970703125
2020-01-06 00:00:00,1902.8800048828125
2020-01-07 00:00:00,1906.8599853515625
2020-01-08 00:00:00,1891.969970703125
2020-01-09 00:00:00,1901.050048828125
2020-01-10 00:00:00,1883.1600341796875
2020-01-13 00:00:00,1891.300048828125
2020-01-14 00:00:00,1869.43994140625
2020-01-15 00:00:00,1862.02001953125
2020-01-16 00:00:00,1877.93994140625
2020-01-17 00:00:00,1864.719970703125
2020-01-21 00:00:00,1892.0
2020-01-22 00:00:00,1887.4599609375
2020-01-23 00:00:00,1884.5799560546875
2020-01-24 00:00:00,1861.6400146484375
2020-01-27 00:00:00,1828.3399658203125
2020-01-28 00:00:00,1853.25
2020-01-29 00:00:00,1858.0
2020-01-30 00:00:00,1870.6800537109375
2020-01-31 00:00:00,2008.719970703125
2020-02-03 00:00:00,2004.199951171875
2020-02-04 00:00:00,2049.669921875
2020-02-05 00:00:00,2039.8699951171875
2020-02-06 00:00:00,2050.22998046875
2020-02-07 00:00:00,2079.280029296875
2020-02-10 00:00:00,2133.909912109375
2020-02-11 00:00:00,2150.800048828125
2020-02-12 00:00:00,2160.0
2020-02-13 00:00:00,2149.8701171875
2020-02-14 00:00:00,2134.8701171875
2020-02-18 00:00:00,2155.669921875
2020-02-19 00:00:00,2170.219970703125
2020-02-20 00:00:00,2153.10009765625
2020-02-21 00:00:00,2095.969970703125
2020-02-24 00:00:00,2009.2900390625
2020-02-25 00:00:00,1972.739990234375
2020-02-26 00:00:00,1979.5899658203125
2020-02-27 00:00:00,1884.300048828125
2020-02-28 00:00:00,1883.75
2020-03-02 00:00:00,1953.949951171875
2020-03-03 00:00:00,1908.989990234375
2020-03-04 00:00:00,1975.8299560546875
2020-03-05 00:00:00,1924.030029296875
2020-03-06 00:00:00,1901.0899658203125
2020-03-09 00:00:00,1800.6099853515625
2020-03-10 00:00:00,1891.8199462890625
2020-03-11 00:00:00,1820.8599853515625
2020-03-12 00:00:00,1676.6099853515625
2020-03-13 00:00:00,1785.0
2020-03-16 00:00:00,1689.1500244140625
2020-03-17 00:00:00,1807.8399658203125
2020-03-18 00:00:00,1830.0
2020-03-19 00:00:00,1880.9300537109375
2020-03-20 00:00:00,1846.0899658203125
2020-03-23 00:00:00,1902.8299560546875
2020-03-24 00:00:00,1940.0999755859375
2020-03-25 00:00:00,1885.8399658203125
2020-03-26 00:00:00,1955.489990234375
2020-03-27 00:00:00,1900.0999755859375
2020-03-30 00:00:00,1963.949951171875
2020-03-31 00:00:00,1949.719970703125
2020-04-01 00:00:00,1907.699951171875
2020-04-02 00:00:00,1918.8299560546875
2020-04-03 00:00:00,1906.5899658203125
2020-04-06 00:00:00,1997.5899658203125
2020-04-07 00:00:00,2011.5999755859375
2020-04-08 00:00:00,2043.0
2020-04-09 00:00:00,2042.760009765625
2020-04-13 00:00:00,2168.8701171875
2020-04-14 00:00:00,2283.320068359375
2020-04-15 00:00:00,2307.679931640625
2020-04-16 00:00:00,2408.18994140625
2020-04-17 00:00:00,2375.0
2020-04-20 00:00:00,2393.610107421875
2020-04-21 00:00:00,2328.1201171875
2020-04-22 00:00:00,2363.489990234375
2020-04-23 00:00:00,2399.449951171875
2020-04-24 00:00:00,2410.219970703125
2020-04-27 00:00:00,2376.0
2020-04-28 00:00:00,2314.080078125
2020-04-29 00:00:00,2372.7099609375
2020-04-30 00:00:00,2474.0
2020-05-01 00:00:00,2286.0400390625
2020-05-04 00:00:00,2315.989990234375
2020-05-05 00:00:00,2317.800048828125
2020-05-06 00:00:00,2351.260009765625
2020-05-07 00:00:00,2367.610107421875
2020-05-08 00:00:00,2379.610107421875
2020-05-11 00:00:00,2409.0
2020-05-12 00:00:00,2356.949951171875
2020-05-13 00:00:00,2367.919921875
2020-05-14 00:00:00,2388.85009765625
2020-05-15 00:00:00,2409.780029296875
2020-05-18 00:00:00,2426.260009765625
2020-05-19 00:00:00,2449.330078125
2020-05-20 00:00:00,2497.93994140625
2020-05-21 00:00:00,2446.739990234375
2020-05-22 00:00:00,2436.8798828125
2020-05-26 00:00:00,2421.860107421875
2020-05-27 00:00:00,2410.389892578125
2020-05-28 00:00:00,2401.10009765625
2020-05-29 00:00:00,2442.3701171875
2020-06-01 00:00:00,2471.0400390625
2020-06-02 00:00:00,2472.409912109375
2020-06-03 00:00:00,2478.39990234375
2020-06-04 00:00:00,2460.60009765625
2020-06-05 00:00:00,2483.0
2020-06-08 00:00:00,2524.06005859375
2020-06-09 00:00:00,2600.860107421875
2020-06-10 00:00:00,2647.449951171875
2020-06-11 00:00:00,2557.9599609375
2020-06-12 00:00:00,2545.02001953125
2020-06-15 00:00:00,2572.679931640625
2020-06-16 00:00:00,2615.27001953125
2020-06-17 00:00:00,2640.97998046875
2020-06-18 00:00:00,2653.97998046875
2020-06-19 00:00:00,2675.010009765625
2020-06-22 00:00:00,2713.820068359375
2020-06-23 00:00:00,2764.409912109375
2020-06-24 00:00:00,2734.39990234375
2020-06-25 00:00:00,2754.580078125
2020-06-26 00:00:00,2692.8701171875
2020-06-29 00:00:00,2680.3798828125
2020-06-30 00:00:00,2758.820068359375
2020-07-01 00:00:00,2878.699951171875
2020-07-02 00:00:00,2890.300048828125
2020-07-06 00:00:00,3057.0400390625
2020-07-07 00:00:00,3000.1201171875
2020-07-08 00:00:00,3081.110107421875
2020-07-09 00:00:00,3182.6298828125
2020-07-10 00:00:00,3200.0
2020-07-13 00:00:00,3104.0
2020-07-14 00:00:00,3084.0
2020-07-15 00:00:00,3008.8701171875
2020-07-16 00:00:00,2999.89990234375
2020-07-17 00:00:00,2961.969970703125
2020-07-20 00:00:00,3196.840087890625
2020-07-21 00:00:00,3138.2900390625
2020-07-22 00:00:00,3099.909912109375
2020-07-23 00:00:00,2986.550048828125
2020-07-24 00:00:00,3008.909912109375
2020-07-27 00:00:00,3055.2099609375
2020-07-28 00:00:00,3000.330078125
2020-07-29 00:00:00,3033.530029296875
2020-07-30 00:00:00,3051.8798828125
2020-07-31 00:00:00,3164.679931640625
2020-08-03 00:00:00,3111.889892578125
2020-08-04 00:00:00,3138.830078125
2020-08-05 00:00:00,3205.030029296875
2020-08-06 00:00:00,3225.0
2020-08-07 00:00:00,3167.4599609375
2020-08-10 00:00:00,3148.159912109375
2020-08-11 00:00:00,3080.669921875
2020-08-12 00:00:00,3162.239990234375
2020-08-13 00:00:00,3161.02001953125
2020-08-14 00:00:00,3148.02001953125
2020-08-17 00:00:00,3182.409912109375
2020-08-18 00:00:00,3312.489990234375
2020-08-19 00:00:00,3260.47998046875
2020-08-20 00:00:00,3297.3701171875
2020-08-21 00:00:00,3284.719970703125
2020-08-24 00:00:00,3307.4599609375
2020-08-25 00:00:00,3346.489990234375
2020-08-26 00:00:00,3441.85009765625
2020-08-27 00:00:00,3400.0
2020-08-28 00:00:00,3401.800048828125
2020-08-31 00:00:00,3450.9599609375
2020-09-01 00:00:00,3499.1201171875
2020-09-02 00:00:00,3531.449951171875
2020-09-03 00:00:00,3368.0
2020-09-04 00:00:00,3294.6201171875
2020-09-08 00:00:00,3149.840087890625
2020-09-09 00:00:00,3268.610107421875
2020-09-10 00:00:00,3175.110107421875
2020-09-11 00:00:00,3116.219970703125
2020-09-14 00:00:00,3102.969970703125
2020-09-15 00:00:00,3156.1298828125
2020-09-16 00:00:00,3078.10009765625
2020-09-17 00:00:00,3008.72998046875
2020-09-18 00:00:00,2954.909912109375
2020-09-21 00:00:00,2960.469970703125
2020-09-22 00:00:00,3128.989990234375
2020-09-23 00:00:00,2999.860107421875
2020-09-24 00:00:00,3019.7900390625
2020-09-25 00:00:00,3095.1298828125
2020-09-28 00:00:00,3174.050048828125
2020-09-29 00:00:00,3144.8798828125
2020-09-30 00:00:00,3148.72998046875
2020-10-01 00:00:00,3221.260009765625
2020-10-02 00:00:00,3125.0
2020-10-05 00:00:00,3199.199951171875
2020-10-06 00:00:00,3099.9599609375
2020-10-07 00:00:00,3195.68994140625
2020-10-08 00:00:00,3190.550048828125
2020-10-09 00:00:00,3286.64990234375
2020-10-12 00:00:00,3442.929931640625
2020-10-13 00:00:00,3443.6298828125
2020-10-14 00:00:00,3363.7099609375
2020-10-15 00:00:00,3338.64990234375
2020-10-16 00:00:00,3272.7099609375
2020-10-19 00:00:00,3207.2099609375
2020-10-20 00:00:00,3217.010009765625
2020-10-21 00:00:00,3184.93994140625
2020-10-22 00:00:00,3176.39990234375
2020-10-23 00:00:00,3204.39990234375
2020-10-26 00:00:00,3207.0400390625
2020-10-27 00:00:00,3286.330078125
2020-10-28 00:00:00,3162.780029296875
2020-10-29 00:00:00,3211.010009765625
2020-10-30 00:00:00,3036.14990234375
2020-11-02 00:00:00,3004.47998046875
2020-11-03 00:00:00,3048.409912109375
2020-11-04 00:00:00,3241.159912109375
2020-11-05 00:00:00,3322.0
2020-11-06 00:00:00,3311.3701171875
2020-11-09 00:00:00,3143.739990234375
2020-11-10 00:00:00,3035.02001953125
2020-11-11 00:00:00,3137.389892578125
2020-11-12 00:00:00,3110.280029296875
2020-11-13 00:00:00,3128.81005859375
2020-11-16 00:00:00,3131.06005859375
2020-11-17 00:00:00,3135.659912109375
2020-11-18 00:00:00,3105.4599609375
2020-11-19 00:00:00,3117.02001953125
2020-11-20 00:00:00,3099.39990234375
2020-11-23 00:00:00,3098.389892578125
2020-11-24 00:00:00,3118.06005859375
2020-11-25 00:00:00,3185.070068359375
2020-11-27 00:00:00,3195.340087890625
2020-11-30 00:00:00,3168.0400390625
2020-12-01 00:00:00,3220.080078125
2020-12-02 00:00:00,3203.530029296875
2020-12-03 00:00:00,3186.72998046875
2020-12-04 00:00:00,3162.580078125
2020-12-07 00:00:00,3158.0
2020-12-08 00:00:00,3177.2900390625
2020-12-09 00:00:00,3104.199951171875
2020-12-10 00:00:00,3101.489990234375
2020-12-11 00:00:00,3116.419921875
2020-12-14 00:00:00,3156.969970703125
2020-12-15 00:00:00,3165.1201171875
2020-12-16 00:00:00,3240.9599609375
2020-12-17 00:00:00,3236.080078125
2020-12-18 00:00:00,3201.64990234375
2020-12-21 00:00:00,3206.179931640625
2020-12-22 00:00:00,3206.52001953125
2020-12-23 00:00:00,3185.27001953125
2020-12-24 00:00:00,3172.68994140625
2020-12-28 00:00:00,3283.9599609375
2020-12-29 00:00:00,3322.0
2020-12-30 00:00:00,3285.85009765625
2020-12-31 00:00:00,3256.929931640625
2021-01-04 00:00:00,3186.6298828125
2021-01-05 00:00:00,3218.510009765625
2021-01-06 00:00:00,3138.3798828125
2021-01-07 00:00:00,3162.159912109375
2021-01-08 00:00:00,3182.699951171875
2021-01-11 00:00:00,3114.2099609375
2021-01-12 00:00:00,3120.830078125
2021-01-13 00:00:00,3165.889892578125
2021-01-14 00:00:00,3127.469970703125
2021-01-15 00:00:00,3104.25
2021-01-19 00:00:00,3120.760009765625
2021-01-20 00:00:00,3263.3798828125
2021-01-21 00:00:00,3306.989990234375
2021-01-22 00:00:00,3292.22998046875
2021-01-25 00:00:00,3294.0
2021-01-26 00:00:00,3326.1298828125
2021-01-27 00:00:00,3232.580078125
2021-01-28 00:00:00,3237.6201171875
2021-01-29 00:00:00,3206.199951171875
2021-02-01 00:00:00,3342.8798828125
2021-02-02 00:00:00,3380.0
2021-02-03 00:00:00,3312.530029296875
2021-02-04 00:00:00,3331.0
2021-02-05 00:00:00,3352.14990234375
2021-02-08 00:00:00,3322.93994140625
2021-02-09 00:00:00,3305.0
2021-02-10 00:00:00,3286.580078125
2021-02-11 00:00:00,3262.1298828125
2021-02-12 00:00:00,3277.7099609375
2021-02-16 00:00:00,3268.949951171875
2021-02-17 00:00:00,3308.639892578125
2021-02-18 00:00:00,3328.22998046875
2021-02-19 00:00:00,3249.89990234375
2021-02-22 00:00:00,3180.739990234375
2021-02-23 00:00:00,3194.5
2021-02-24 00:00:00,3159.530029296875
2021-02-25 00:00:00,3057.159912109375
2021-02-26 00:00:00,3092.929931640625
2021-03-01 00:00:00,3146.139892578125
2021-03-02 00:00:00,3094.530029296875
2021-03-03 00:00:00,3005.0
2021-03-04 00:00:00,2977.570068359375
2021-03-05 00:00:00,3000.4599609375
2021-03-08 00:00:00,2951.949951171875
2021-03-09 00:00:00,3062.85009765625
2021-03-10 00:00:00,3057.639892578125
2021-03-11 00:00:00,3113.590087890625
2021-03-12 00:00:00,3089.489990234375
2021-03-15 00:00:00,3081.679931640625
2021-03-16 00:00:00,3091.860107421875
2021-03-17 00:00:00,3135.72998046875
2021-03-18 00:00:00,3027.989990234375
2021-03-19 00:00:00,3074.9599609375
2021-03-22 00:00:00,3110.8701171875
2021-03-23 00:00:00,3137.5
2021-03-24 00:00:00,3087.070068359375
2021-03-25 00:00:00,3046.260009765625
2021-03-26 00:00:00,3052.030029296875
2021-03-29 00:00:00,3075.72998046875
2021-03-30 00:00:00,3055.2900390625
2021-03-31 00:00:00,3094.080078125
2021-04-01 00:00:00,3161.0
2021-04-05 00:00:00,3226.72998046875
2021-04-06 00:00:00,3223.820068359375
2021-04-07 00:00:00,3279.389892578125
2021-04-08 00:00:00,3299.300048828125
2021-04-09 00:00:00,3372.199951171875
2021-04-12 00:00:00,3379.389892578125
2021-04-13 00:00:00,3400.0
2021-04-14 00:00:00,3333.0
2021-04-15 00:00:00,3379.090087890625
2021-04-16 00:00:00,3399.43994140625
2021-04-19 00:00:00,3372.010009765625
2021-04-20 00:00:00,3334.68994140625
2021-04-21 00:00:00,3362.02001953125
2021-04-22 00:00:00,3309.0400390625
2021-04-23 00:00:00,3340.8798828125
2021-04-26 00:00:00,3409.0
2021-04-27 00:00:00,3417.429931640625
2021-04-28 00:00:00,3458.5
2021-04-29 00:00:00,3471.31005859375
2021-04-30 00:00:00,3467.419921875
2021-05-03 00:00:00,3386.489990234375
2021-05-04 00:00:00,3311.8701171875
2021-05-05 00:00:00,3270.5400390625
2021-05-06 00:00:00,3306.3701171875
2021-05-07 00:00:00,3291.610107421875
2021-05-10 00:00:00,3190.489990234375
2021-05-11 00:00:00,3223.909912109375
2021-05-12 00:00:00,3151.93994140625
2021-05-13 00:00:00,3161.469970703125
2021-05-14 00:00:00,3222.89990234375
2021-05-17 00:00:00,3270.389892578125
2021-05-18 00:00:00,3232.280029296875
2021-05-19 00:00:00,3231.800048828125
2021-05-20 00:00:00,3247.679931640625
2021-05-21 00:00:00,3203.080078125
2021-05-24 00:00:00,3244.989990234375
2021-05-25 00:00:00,3259.050048828125
2021-05-26 00:00:00,3265.159912109375
2021-05-27 00:00:00,3230.110107421875
2021-05-28 00:00:00,3223.070068359375
2021-06-01 00:00:00,3218.64990234375
2021-06-02 00:00:00,3233.989990234375
2021-06-03 00:00:00,3187.010009765625
2021-06-04 00:00:00,3206.219970703125
2021-06-07 00:00:00,3198.010009765625
2021-06-08 00:00:00,3264.110107421875
2021-06-09 00:00:00,3281.14990234375
2021-06-10 00:00:00,3349.64990234375
2021-06-11 00:00:00,3346.830078125
2021-06-14 00:00:00,3383.8701171875
2021-06-15 00:00:00,3383.1298828125
2021-06-16 00:00:00,3415.25
2021-06-17 00:00:00,3489.239990234375
2021-06-18 00:00:00,3486.89990234375
2021-06-21 00:00:00,3453.9599609375
2021-06-22 00:00:00,3505.43994140625
2021-06-23 00:00:00,3503.820068359375
2021-06-24 00:00:00,3449.080078125
2021-06-25 00:00:00,3401.4599609375
2021-06-28 00:00:00,3443.889892578125
2021-06-29 00:00:00,3448.139892578125
2021-06-30 00:00:00,3440.159912109375
2021-07-01 00:00:00,3432.969970703125
2021-07-02 00:00:00,3510.97998046875
2021-07-06 00:00:00,3675.739990234375
2021-07-07 00:00:00,3696.580078125
2021-07-08 00:00:00,3731.409912109375
2021-07-09 00:00:00,3719.340087890625
2021-07-12 00:00:00,3718.550048828125
2021-07-13 00:00:00,3677.360107421875
2021-07-14 00:00:00,3681.679931640625
2021-07-15 00:00:00,3631.199951171875
2021-07-16 00:00:00,3573.6298828125
2021-07-19 00:00:00,3549.590087890625
2021-07-20 00:00:00,3573.18994140625
2021-07-21 00:00:00,3585.199951171875
2021-07-22 00:00:00,3638.030029296875
2021-07-23 00:00:00,3656.639892578125
2021-07-26 00:00:00,3699.820068359375
2021-07-27 00:00:00,3626.389892578125
2021-07-28 00:00:00,3630.320068359375
2021-07-29 00:00:00,3599.919921875
2021-07-30 00:00:00,3327.590087890625
2021-08-02 00:00:00,3331.47998046875
2021-08-03 00:00:00,3366.239990234375
2021-08-04 00:00:00,3354.719970703125
2021-08-05 00:00:00,3375.989990234375
2021-08-06 00:00:00,3344.93994140625
2021-08-09 00:00:00,3341.8701171875
2021-08-10 00:00:00,3320.679931640625
2021-08-11 00:00:00,3292.110107421875
2021-08-12 00:00:00,3303.5
2021-08-13 00:00:00,3293.969970703125
2021-08-16 00:00:00,3298.989990234375
2021-08-17 00:00:00,3241.9599609375
2021-08-18 00:00:00,3201.219970703125
2021-08-19 00:00:00,3187.75
2021-08-20 00:00:00,3199.949951171875
2021-08-23 00:00:00,3265.8701171875
2021-08-24 00:00:00,3305.780029296875
2021-08-25 00:00:00,3299.179931640625
2021-08-26 00:00:00,3316.0
2021-08-27 00:00:00,3349.6298828125
0,3350.729032913491
1,3353.097419545362
2,3354.6663564925275
3,3356.738840085906
4,3358.4941564706864
5,3360.4492458833806
6,3362.278504940351
7,3364.18702033431
8,3366.045614809611
9,3367.935652803681
10,3369.8058855758286
11,3371.688592995559
12,3373.5634430515634
13,3375.4432421984584
14,3377.3199240783542
15,3379.1985694205828
16,3381.0759780434887
17,3382.9541656345764
18,3384.8318625796323
19,3386.709868566231
20,3388.587679897887
21,3390.465613836188
22,3392.3434705486598
23,3394.221375903101
24,3396.0992506195907
25,3397.9771446339023
26,3399.855026493161
27,3401.7329160084814
28,3403.610800701504
29,3405.488688431931
30,3407.366574249199
31,3409.2444612715017
32,3411.122347534793
33,3413.00023427616
34,3414.8781207164034
35,3416.7560073463146
36,3418.63389385676
37,3420.511780442453
38,3422.3896669807505
39,3424.2675535489007
40,3426.1454400982475
41,3428.0233266594378
42,3429.9012132131684
43,3431.7790997715974
44,3433.656986327067
45,3435.534872884401
46,3437.412759440561
47,3439.29064599746
48,3441.168532553894
49,3443.0464191106207
